call_id,caller_id,caller_name,caller_phone,callee_id,callee_name,callee_phone,timestamp,day,call_type,duration_sec,cell_tower_location
CDR00001,A1,Anwar Sheikh,7000000001,A2,Suresh Rane,7000000002,2026-01-06 21:34:00,6,voice,407,Old Market Circle
CDR00002,A1,Anwar Sheikh,7000000001,A2,Suresh Rane,7000000002,2026-01-13 16:53:00,13,voice,390,Warehouse District
CDR00003,A1,Anwar Sheikh,7000000001,A2,Suresh Rane,7000000002,2026-02-03 13:45:00,34,voice,253,Central Junction
CDR00004,A1,Anwar Sheikh,7000000001,A2,Suresh Rane,7000000002,2026-02-14 09:54:00,45,voice,123,Hilltop Society
CDR00005,A1,Anwar Sheikh,7000000001,A2,Suresh Rane,7000000002,2026-02-15 15:29:00,46,voice,393,Riverside Colony
CDR00006,A1,Anwar Sheikh,7000000001,A2,Suresh Rane,7000000002,2026-02-18 18:22:00,49,voice,293,Lakeview Chowk
CDR00007,A1,Anwar Sheikh,7000000001,A2,Suresh Rane,7000000002,2026-03-19 09:38:00,78,voice,566,Lakeview Chowk
CDR00008,A1,Anwar Sheikh,7000000001,A3,Farhan Qureshi,7000000003,2026-01-21 17:53:00,21,sms,0,Dockside Ward
CDR00009,A1,Anwar Sheikh,7000000001,A3,Farhan Qureshi,7000000003,2026-01-29 14:52:00,29,voice,343,Hilltop Society
CDR00010,A1,Anwar Sheikh,7000000001,A3,Farhan Qureshi,7000000003,2026-02-04 15:04:00,35,voice,600,Lakeview Chowk
CDR00011,A1,Anwar Sheikh,7000000001,A3,Farhan Qureshi,7000000003,2026-02-18 17:13:00,49,voice,425,North Bypass
CDR00012,A1,Anwar Sheikh,7000000001,A3,Farhan Qureshi,7000000003,2026-03-01 21:09:00,60,voice,272,Lakeview Chowk
CDR00013,A1,Anwar Sheikh,7000000001,A3,Farhan Qureshi,7000000003,2026-03-13 15:47:00,72,voice,428,Eastgate
CDR00014,A1,Anwar Sheikh,7000000001,A3,Farhan Qureshi,7000000003,2026-03-23 14:08:00,82,voice,113,Dockside Ward
CDR00015,A1,Anwar Sheikh,7000000001,A3,Farhan Qureshi,7000000003,2026-03-29 10:09:00,88,voice,452,Warehouse District
CDR00016,A1,Anwar Sheikh,7000000001,A3,Farhan Qureshi,7000000003,2026-03-30 09:24:00,89,voice,499,New Colony
CDR00017,A1,Anwar Sheikh,7000000001,A4,Vikas Chauhan,7000000004,2026-01-02 12:29:00,2,voice,289,New Colony
CDR00018,A1,Anwar Sheikh,7000000001,A4,Vikas Chauhan,7000000004,2026-01-15 12:32:00,15,sms,0,North Bypass
CDR00019,A1,Anwar Sheikh,7000000001,A4,Vikas Chauhan,7000000004,2026-02-04 16:53:00,35,voice,223,Riverside Colony
CDR00020,A1,Anwar Sheikh,7000000001,A4,Vikas Chauhan,7000000004,2026-02-07 18:48:00,38,voice,563,Dockside Ward
CDR00021,A1,Anwar Sheikh,7000000001,A4,Vikas Chauhan,7000000004,2026-02-13 17:31:00,44,voice,391,Central Junction
CDR00022,A1,Anwar Sheikh,7000000001,A4,Vikas Chauhan,7000000004,2026-02-25 14:03:00,56,voice,600,Old Market Circle
CDR00023,A1,Anwar Sheikh,7000000001,A4,Vikas Chauhan,7000000004,2026-03-10 09:46:00,69,voice,90,New Colony
CDR00024,A1,Anwar Sheikh,7000000001,A4,Vikas Chauhan,7000000004,2026-03-12 11:08:00,71,voice,582,Riverside Colony
CDR00025,A1,Anwar Sheikh,7000000001,A4,Vikas Chauhan,7000000004,2026-03-24 15:33:00,83,sms,0,Hilltop Society
CDR00026,A1,Anwar Sheikh,7000000001,A4,Vikas Chauhan,7000000004,2026-03-29 13:59:00,88,voice,225,Lakeview Chowk
CDR00027,A2,Suresh Rane,7000000002,A5,Ganesh Pawar,7000000005,2026-01-16 09:21:00,16,voice,587,Industrial Estate Road
CDR00028,A2,Suresh Rane,7000000002,A5,Ganesh Pawar,7000000005,2026-01-29 14:00:00,29,voice,80,Industrial Estate Road
CDR00029,A2,Suresh Rane,7000000002,A5,Ganesh Pawar,7000000005,2026-02-01 09:57:00,32,voice,358,Old Market Circle
CDR00030,A2,Suresh Rane,7000000002,A5,Ganesh Pawar,7000000005,2026-02-17 23:15:00,48,voice,517,Industrial Estate Road
CDR00031,A2,Suresh Rane,7000000002,A5,Ganesh Pawar,7000000005,2026-02-21 11:46:00,52,sms,0,Warehouse District
CDR00032,A2,Suresh Rane,7000000002,A5,Ganesh Pawar,7000000005,2026-02-26 22:15:00,57,sms,0,Hilltop Society
CDR00033,A2,Suresh Rane,7000000002,A5,Ganesh Pawar,7000000005,2026-02-27 13:06:00,58,voice,461,Eastgate
CDR00034,A2,Suresh Rane,7000000002,A5,Ganesh Pawar,7000000005,2026-03-08 20:26:00,67,voice,75,North Bypass
CDR00035,A2,Suresh Rane,7000000002,A5,Ganesh Pawar,7000000005,2026-03-25 10:03:00,84,voice,367,Old Market Circle
CDR00036,A2,Suresh Rane,7000000002,A5,Ganesh Pawar,7000000005,2026-03-27 14:12:00,86,voice,479,Riverside Colony
CDR00037,A2,Suresh Rane,7000000002,A6,Iqbal Khan,7000000006,2026-01-02 09:59:00,2,sms,0,Industrial Estate Road
CDR00038,A2,Suresh Rane,7000000002,A6,Iqbal Khan,7000000006,2026-01-07 12:26:00,7,voice,238,Hilltop Society
CDR00039,A2,Suresh Rane,7000000002,A6,Iqbal Khan,7000000006,2026-01-10 08:10:00,10,voice,419,Central Junction
CDR00040,A2,Suresh Rane,7000000002,A6,Iqbal Khan,7000000006,2026-01-13 21:18:00,13,voice,589,North Bypass
CDR00041,A2,Suresh Rane,7000000002,A6,Iqbal Khan,7000000006,2026-01-24 22:09:00,24,voice,242,Dockside Ward
CDR00042,A2,Suresh Rane,7000000002,A6,Iqbal Khan,7000000006,2026-02-01 08:47:00,32,voice,71,Warehouse District
CDR00043,A2,Suresh Rane,7000000002,A6,Iqbal Khan,7000000006,2026-02-05 22:32:00,36,sms,0,New Colony
CDR00044,A2,Suresh Rane,7000000002,A6,Iqbal Khan,7000000006,2026-02-26 12:03:00,57,sms,0,Old Market Circle
CDR00045,A2,Suresh Rane,7000000002,A6,Iqbal Khan,7000000006,2026-03-01 12:04:00,60,voice,260,Hilltop Society
CDR00046,A2,Suresh Rane,7000000002,A6,Iqbal Khan,7000000006,2026-03-11 10:56:00,70,voice,60,Warehouse District
CDR00047,A2,Suresh Rane,7000000002,A6,Iqbal Khan,7000000006,2026-03-12 09:26:00,71,voice,598,New Colony
CDR00048,A2,Suresh Rane,7000000002,A6,Iqbal Khan,7000000006,2026-03-25 17:59:00,84,voice,341,Industrial Estate Road
CDR00049,A2,Suresh Rane,7000000002,A13,Karan Mehra,7000000007,2026-01-02 10:04:00,2,voice,538,Central Junction
CDR00050,A2,Suresh Rane,7000000002,A13,Karan Mehra,7000000007,2026-01-10 11:59:00,10,voice,90,Industrial Estate Road
CDR00051,A2,Suresh Rane,7000000002,A13,Karan Mehra,7000000007,2026-01-17 18:18:00,17,voice,576,Lakeview Chowk
CDR00052,A2,Suresh Rane,7000000002,A13,Karan Mehra,7000000007,2026-02-08 16:39:00,39,sms,0,North Bypass
CDR00053,A2,Suresh Rane,7000000002,A13,Karan Mehra,7000000007,2026-02-10 23:00:00,41,voice,587,Central Junction
CDR00054,A2,Suresh Rane,7000000002,A13,Karan Mehra,7000000007,2026-02-20 10:56:00,51,voice,138,Old Market Circle
CDR00055,A2,Suresh Rane,7000000002,A13,Karan Mehra,7000000007,2026-02-28 11:17:00,59,voice,235,Lakeview Chowk
CDR00056,A2,Suresh Rane,7000000002,A13,Karan Mehra,7000000007,2026-03-21 17:13:00,80,voice,290,New Colony
CDR00057,A2,Suresh Rane,7000000002,A13,Karan Mehra,7000000007,2026-03-24 22:16:00,83,sms,0,Dockside Ward
CDR00058,A2,Suresh Rane,7000000002,A13,Karan Mehra,7000000007,2026-03-27 09:40:00,86,voice,303,Dockside Ward
CDR00059,A3,Farhan Qureshi,7000000003,A7,Ramesh Yadav,7000000008,2026-01-17 20:35:00,17,voice,97,Lakeview Chowk
CDR00060,A3,Farhan Qureshi,7000000003,A7,Ramesh Yadav,7000000008,2026-01-21 11:34:00,21,voice,398,Warehouse District
CDR00061,A3,Farhan Qureshi,7000000003,A7,Ramesh Yadav,7000000008,2026-02-03 11:27:00,34,voice,335,Eastgate
CDR00062,A3,Farhan Qureshi,7000000003,A7,Ramesh Yadav,7000000008,2026-02-12 08:57:00,43,voice,275,North Bypass
CDR00063,A3,Farhan Qureshi,7000000003,A7,Ramesh Yadav,7000000008,2026-02-26 10:22:00,57,sms,0,Hilltop Society
CDR00064,A3,Farhan Qureshi,7000000003,A7,Ramesh Yadav,7000000008,2026-03-23 11:59:00,82,sms,0,Riverside Colony
CDR00065,A3,Farhan Qureshi,7000000003,A8,Sanjay More,7000000009,2026-01-04 10:24:00,4,sms,0,Station Road
CDR00066,A3,Farhan Qureshi,7000000003,A8,Sanjay More,7000000009,2026-01-21 14:12:00,21,sms,0,Station Road
CDR00067,A3,Farhan Qureshi,7000000003,A8,Sanjay More,7000000009,2026-01-23 18:19:00,23,sms,0,Industrial Estate Road
CDR00068,A3,Farhan Qureshi,7000000003,A8,Sanjay More,7000000009,2026-02-01 14:01:00,32,voice,428,Eastgate
CDR00069,A3,Farhan Qureshi,7000000003,A8,Sanjay More,7000000009,2026-02-04 15:55:00,35,voice,305,Eastgate
CDR00070,A3,Farhan Qureshi,7000000003,A8,Sanjay More,7000000009,2026-02-12 23:25:00,43,voice,569,Eastgate
CDR00071,A3,Farhan Qureshi,7000000003,A8,Sanjay More,7000000009,2026-02-22 07:07:00,53,sms,0,Central Junction
CDR00072,A3,Farhan Qureshi,7000000003,A8,Sanjay More,7000000009,2026-03-27 12:37:00,86,sms,0,Central Junction
CDR00073,A4,Vikas Chauhan,7000000004,A9,Tariq Ansari,7000000010,2026-01-14 23:07:00,14,voice,214,Central Junction
CDR00074,A4,Vikas Chauhan,7000000004,A9,Tariq Ansari,7000000010,2026-02-10 08:45:00,41,voice,552,New Colony
CDR00075,A4,Vikas Chauhan,7000000004,A9,Tariq Ansari,7000000010,2026-02-14 13:23:00,45,voice,358,Warehouse District
CDR00076,A4,Vikas Chauhan,7000000004,A9,Tariq Ansari,7000000010,2026-02-25 17:42:00,56,sms,0,Lakeview Chowk
CDR00077,A4,Vikas Chauhan,7000000004,A9,Tariq Ansari,7000000010,2026-03-18 16:32:00,77,voice,438,Eastgate
CDR00078,A4,Vikas Chauhan,7000000004,A9,Tariq Ansari,7000000010,2026-03-19 19:44:00,78,voice,150,Industrial Estate Road
CDR00079,A4,Vikas Chauhan,7000000004,A10,Faisal Shah,7000000011,2026-01-01 20:50:00,1,voice,349,Station Road
CDR00080,A4,Vikas Chauhan,7000000004,A10,Faisal Shah,7000000011,2026-01-23 21:28:00,23,voice,543,Station Road
CDR00081,A4,Vikas Chauhan,7000000004,A10,Faisal Shah,7000000011,2026-01-27 12:42:00,27,voice,547,North Bypass
CDR00082,A4,Vikas Chauhan,7000000004,A10,Faisal Shah,7000000011,2026-02-06 17:05:00,37,sms,0,Industrial Estate Road
CDR00083,A4,Vikas Chauhan,7000000004,A10,Faisal Shah,7000000011,2026-02-08 16:14:00,39,sms,0,Riverside Colony
CDR00084,A4,Vikas Chauhan,7000000004,A10,Faisal Shah,7000000011,2026-02-18 07:02:00,49,voice,506,Warehouse District
CDR00085,A4,Vikas Chauhan,7000000004,A10,Faisal Shah,7000000011,2026-02-21 09:29:00,52,voice,219,Lakeview Chowk
CDR00086,A4,Vikas Chauhan,7000000004,A10,Faisal Shah,7000000011,2026-03-12 19:31:00,71,voice,171,North Bypass
CDR00087,A4,Vikas Chauhan,7000000004,A10,Faisal Shah,7000000011,2026-03-14 07:57:00,73,sms,0,Old Market Circle
CDR00088,A4,Vikas Chauhan,7000000004,A10,Faisal Shah,7000000011,2026-03-20 20:14:00,79,voice,550,Station Road
CDR00089,A4,Vikas Chauhan,7000000004,A10,Faisal Shah,7000000011,2026-03-27 08:35:00,86,voice,144,Station Road
CDR00090,A4,Vikas Chauhan,7000000004,A10,Faisal Shah,7000000011,2026-03-28 11:51:00,87,voice,563,New Colony
CDR00091,A1,Anwar Sheikh,7000000001,A11,Meena Joshi,7000000012,2026-01-21 15:49:00,21,sms,0,Station Road
CDR00092,A1,Anwar Sheikh,7000000001,A11,Meena Joshi,7000000012,2026-02-01 14:17:00,32,voice,312,Industrial Estate Road
CDR00093,A1,Anwar Sheikh,7000000001,A11,Meena Joshi,7000000012,2026-02-03 15:21:00,34,voice,573,Old Market Circle
CDR00094,A1,Anwar Sheikh,7000000001,A11,Meena Joshi,7000000012,2026-02-24 11:09:00,55,voice,176,Lakeview Chowk
CDR00095,A1,Anwar Sheikh,7000000001,A11,Meena Joshi,7000000012,2026-02-26 13:04:00,57,voice,358,New Colony
CDR00096,A1,Anwar Sheikh,7000000001,A11,Meena Joshi,7000000012,2026-02-27 21:26:00,58,voice,450,Hilltop Society
CDR00097,A1,Anwar Sheikh,7000000001,A11,Meena Joshi,7000000012,2026-03-02 07:54:00,61,sms,0,Warehouse District
CDR00098,A1,Anwar Sheikh,7000000001,A11,Meena Joshi,7000000012,2026-03-06 19:30:00,65,voice,380,Central Junction
CDR00099,A1,Anwar Sheikh,7000000001,A11,Meena Joshi,7000000012,2026-03-12 19:54:00,71,sms,0,Hilltop Society
CDR00100,A1,Anwar Sheikh,7000000001,A11,Meena Joshi,7000000012,2026-03-20 14:31:00,79,voice,466,Station Road
CDR00101,A1,Anwar Sheikh,7000000001,A11,Meena Joshi,7000000012,2026-03-23 07:24:00,82,voice,434,Lakeview Chowk
CDR00102,A1,Anwar Sheikh,7000000001,A12,Rohit Bhatt,7000000013,2026-01-04 07:05:00,4,voice,158,Station Road
CDR00103,A1,Anwar Sheikh,7000000001,A12,Rohit Bhatt,7000000013,2026-01-17 12:03:00,17,voice,355,Industrial Estate Road
CDR00104,A1,Anwar Sheikh,7000000001,A12,Rohit Bhatt,7000000013,2026-02-20 21:20:00,51,voice,408,Central Junction
CDR00105,A1,Anwar Sheikh,7000000001,A12,Rohit Bhatt,7000000013,2026-03-01 20:16:00,60,sms,0,Station Road
CDR00106,A1,Anwar Sheikh,7000000001,A12,Rohit Bhatt,7000000013,2026-03-10 07:47:00,69,voice,378,Industrial Estate Road
CDR00107,A1,Anwar Sheikh,7000000001,A12,Rohit Bhatt,7000000013,2026-03-14 09:49:00,73,sms,0,Dockside Ward
CDR00108,A1,Anwar Sheikh,7000000001,A12,Rohit Bhatt,7000000013,2026-03-17 07:15:00,76,voice,40,Warehouse District
CDR00109,A1,Anwar Sheikh,7000000001,A12,Rohit Bhatt,7000000013,2026-03-21 11:15:00,80,voice,137,Warehouse District
CDR00110,B1,Rajan Naik,7000000014,B2,Salim Pathan,7000000015,2026-01-15 10:37:00,15,voice,339,Warehouse District
CDR00111,B1,Rajan Naik,7000000014,B2,Salim Pathan,7000000015,2026-01-21 19:25:00,21,sms,0,Industrial Estate Road
CDR00112,B1,Rajan Naik,7000000014,B2,Salim Pathan,7000000015,2026-01-22 09:37:00,22,voice,268,Old Market Circle
CDR00113,B1,Rajan Naik,7000000014,B2,Salim Pathan,7000000015,2026-02-02 16:54:00,33,voice,143,Warehouse District
CDR00114,B1,Rajan Naik,7000000014,B2,Salim Pathan,7000000015,2026-02-09 08:22:00,40,voice,399,Old Market Circle
CDR00115,B1,Rajan Naik,7000000014,B2,Salim Pathan,7000000015,2026-02-17 23:41:00,48,voice,450,Station Road
CDR00116,B1,Rajan Naik,7000000014,B2,Salim Pathan,7000000015,2026-03-01 10:27:00,60,sms,0,North Bypass
CDR00117,B1,Rajan Naik,7000000014,B2,Salim Pathan,7000000015,2026-03-19 21:45:00,78,voice,200,Lakeview Chowk
CDR00118,B1,Rajan Naik,7000000014,B2,Salim Pathan,7000000015,2026-03-31 23:41:00,90,voice,571,Station Road
CDR00119,B1,Rajan Naik,7000000014,B3,Vinod Chavan,7000000016,2026-01-12 17:01:00,12,voice,352,Riverside Colony
CDR00120,B1,Rajan Naik,7000000014,B3,Vinod Chavan,7000000016,2026-02-01 22:13:00,32,voice,284,Eastgate
CDR00121,B1,Rajan Naik,7000000014,B3,Vinod Chavan,7000000016,2026-02-04 15:56:00,35,voice,302,New Colony
CDR00122,B1,Rajan Naik,7000000014,B3,Vinod Chavan,7000000016,2026-02-05 07:33:00,36,sms,0,Old Market Circle
CDR00123,B1,Rajan Naik,7000000014,B3,Vinod Chavan,7000000016,2026-02-11 14:46:00,42,voice,588,Industrial Estate Road
CDR00124,B1,Rajan Naik,7000000014,B3,Vinod Chavan,7000000016,2026-02-18 22:41:00,49,voice,478,Dockside Ward
CDR00125,B1,Rajan Naik,7000000014,B3,Vinod Chavan,7000000016,2026-02-25 09:18:00,56,voice,269,Central Junction
CDR00126,B1,Rajan Naik,7000000014,B3,Vinod Chavan,7000000016,2026-02-27 18:30:00,58,voice,372,Hilltop Society
CDR00127,B1,Rajan Naik,7000000014,B3,Vinod Chavan,7000000016,2026-03-01 17:22:00,60,voice,297,Central Junction
CDR00128,B1,Rajan Naik,7000000014,B3,Vinod Chavan,7000000016,2026-03-14 15:14:00,73,voice,217,Eastgate
CDR00129,B1,Rajan Naik,7000000014,B3,Vinod Chavan,7000000016,2026-03-17 10:47:00,76,voice,209,Industrial Estate Road
CDR00130,B1,Rajan Naik,7000000014,B3,Vinod Chavan,7000000016,2026-03-20 13:47:00,79,voice,557,Warehouse District
CDR00131,B1,Rajan Naik,7000000014,B3,Vinod Chavan,7000000016,2026-03-27 16:06:00,86,sms,0,Central Junction
CDR00132,B1,Rajan Naik,7000000014,B4,Nitin Kamble,7000000017,2026-01-02 16:44:00,2,sms,0,North Bypass
CDR00133,B1,Rajan Naik,7000000014,B4,Nitin Kamble,7000000017,2026-01-06 22:06:00,6,sms,0,Warehouse District
CDR00134,B1,Rajan Naik,7000000014,B4,Nitin Kamble,7000000017,2026-01-07 16:30:00,7,voice,368,Riverside Colony
CDR00135,B1,Rajan Naik,7000000014,B4,Nitin Kamble,7000000017,2026-01-17 08:16:00,17,sms,0,Station Road
CDR00136,B1,Rajan Naik,7000000014,B4,Nitin Kamble,7000000017,2026-01-23 10:52:00,23,voice,523,Old Market Circle
CDR00137,B1,Rajan Naik,7000000014,B4,Nitin Kamble,7000000017,2026-02-05 08:09:00,36,voice,596,Central Junction
CDR00138,B1,Rajan Naik,7000000014,B4,Nitin Kamble,7000000017,2026-02-08 09:15:00,39,voice,446,Warehouse District
CDR00139,B1,Rajan Naik,7000000014,B4,Nitin Kamble,7000000017,2026-02-16 14:49:00,47,voice,481,Station Road
CDR00140,B1,Rajan Naik,7000000014,B4,Nitin Kamble,7000000017,2026-03-10 16:55:00,69,voice,459,Central Junction
CDR00141,B2,Salim Pathan,7000000015,B5,Ashok Gaikwad,7000000018,2026-01-13 09:10:00,13,voice,585,Old Market Circle
CDR00142,B2,Salim Pathan,7000000015,B5,Ashok Gaikwad,7000000018,2026-01-27 12:00:00,27,voice,501,Central Junction
CDR00143,B2,Salim Pathan,7000000015,B5,Ashok Gaikwad,7000000018,2026-01-28 08:14:00,28,voice,309,Lakeview Chowk
CDR00144,B2,Salim Pathan,7000000015,B5,Ashok Gaikwad,7000000018,2026-02-03 21:04:00,34,voice,290,North Bypass
CDR00145,B2,Salim Pathan,7000000015,B5,Ashok Gaikwad,7000000018,2026-03-20 13:27:00,79,voice,250,North Bypass
CDR00146,B2,Salim Pathan,7000000015,B5,Ashok Gaikwad,7000000018,2026-03-22 11:58:00,81,voice,165,Old Market Circle
CDR00147,B2,Salim Pathan,7000000015,B6,Imran Baig,7000000019,2026-01-22 10:29:00,22,voice,432,Central Junction
CDR00148,B2,Salim Pathan,7000000015,B6,Imran Baig,7000000019,2026-02-06 23:34:00,37,voice,102,Warehouse District
CDR00149,B2,Salim Pathan,7000000015,B6,Imran Baig,7000000019,2026-02-09 08:56:00,40,voice,350,Warehouse District
CDR00150,B2,Salim Pathan,7000000015,B6,Imran Baig,7000000019,2026-02-26 15:01:00,57,voice,41,North Bypass
CDR00151,B2,Salim Pathan,7000000015,B6,Imran Baig,7000000019,2026-03-14 15:36:00,73,voice,199,Station Road
CDR00152,B2,Salim Pathan,7000000015,B6,Imran Baig,7000000019,2026-03-18 23:41:00,77,voice,304,Riverside Colony
CDR00153,B2,Salim Pathan,7000000015,B13,Sameer Jadhav,7000000020,2026-01-12 22:18:00,12,voice,430,New Colony
CDR00154,B2,Salim Pathan,7000000015,B13,Sameer Jadhav,7000000020,2026-01-14 08:29:00,14,voice,278,Eastgate
CDR00155,B2,Salim Pathan,7000000015,B13,Sameer Jadhav,7000000020,2026-01-21 10:49:00,21,voice,546,Dockside Ward
CDR00156,B2,Salim Pathan,7000000015,B13,Sameer Jadhav,7000000020,2026-02-11 21:26:00,42,voice,550,Eastgate
CDR00157,B2,Salim Pathan,7000000015,B13,Sameer Jadhav,7000000020,2026-02-12 22:40:00,43,voice,72,Industrial Estate Road
CDR00158,B2,Salim Pathan,7000000015,B13,Sameer Jadhav,7000000020,2026-02-14 15:35:00,45,voice,314,Station Road
CDR00159,B2,Salim Pathan,7000000015,B13,Sameer Jadhav,7000000020,2026-02-22 22:07:00,53,voice,265,Lakeview Chowk
CDR00160,B2,Salim Pathan,7000000015,B13,Sameer Jadhav,7000000020,2026-03-02 12:19:00,61,voice,585,Hilltop Society
CDR00161,B2,Salim Pathan,7000000015,B13,Sameer Jadhav,7000000020,2026-03-04 09:14:00,63,sms,0,Old Market Circle
CDR00162,B2,Salim Pathan,7000000015,B13,Sameer Jadhav,7000000020,2026-03-23 21:07:00,82,voice,177,Station Road
CDR00163,B2,Salim Pathan,7000000015,B13,Sameer Jadhav,7000000020,2026-03-27 16:32:00,86,voice,445,Station Road
CDR00164,B2,Salim Pathan,7000000015,B13,Sameer Jadhav,7000000020,2026-03-30 22:15:00,89,voice,168,Hilltop Society
CDR00165,B3,Vinod Chavan,7000000016,B7,Deepak Sawant,7000000021,2026-01-09 07:18:00,9,voice,521,Riverside Colony
CDR00166,B3,Vinod Chavan,7000000016,B7,Deepak Sawant,7000000021,2026-01-18 21:34:00,18,voice,360,New Colony
CDR00167,B3,Vinod Chavan,7000000016,B7,Deepak Sawant,7000000021,2026-02-04 19:29:00,35,sms,0,Industrial Estate Road
CDR00168,B3,Vinod Chavan,7000000016,B7,Deepak Sawant,7000000021,2026-02-05 14:36:00,36,voice,440,Dockside Ward
CDR00169,B3,Vinod Chavan,7000000016,B7,Deepak Sawant,7000000021,2026-02-13 17:47:00,44,voice,410,Hilltop Society
CDR00170,B3,Vinod Chavan,7000000016,B7,Deepak Sawant,7000000021,2026-02-23 11:31:00,54,sms,0,Riverside Colony
CDR00171,B3,Vinod Chavan,7000000016,B7,Deepak Sawant,7000000021,2026-03-06 23:37:00,65,voice,122,Station Road
CDR00172,B3,Vinod Chavan,7000000016,B7,Deepak Sawant,7000000021,2026-03-07 10:33:00,66,sms,0,Dockside Ward
CDR00173,B3,Vinod Chavan,7000000016,B7,Deepak Sawant,7000000021,2026-03-18 11:26:00,77,sms,0,Riverside Colony
CDR00174,B3,Vinod Chavan,7000000016,B8,Waseem Ali,7000000022,2026-02-03 09:54:00,34,voice,566,Hilltop Society
CDR00175,B3,Vinod Chavan,7000000016,B8,Waseem Ali,7000000022,2026-02-13 17:40:00,44,voice,519,New Colony
CDR00176,B3,Vinod Chavan,7000000016,B8,Waseem Ali,7000000022,2026-02-20 08:39:00,51,voice,314,Industrial Estate Road
CDR00177,B3,Vinod Chavan,7000000016,B8,Waseem Ali,7000000022,2026-03-02 09:27:00,61,sms,0,North Bypass
CDR00178,B3,Vinod Chavan,7000000016,B8,Waseem Ali,7000000022,2026-03-21 10:28:00,80,voice,326,Dockside Ward
CDR00179,B3,Vinod Chavan,7000000016,B8,Waseem Ali,7000000022,2026-03-25 08:20:00,84,sms,0,Central Junction
CDR00180,B3,Vinod Chavan,7000000016,B8,Waseem Ali,7000000022,2026-03-30 18:23:00,89,voice,270,New Colony
CDR00181,B4,Nitin Kamble,7000000017,B9,Rafiq Shaikh,7000000023,2026-01-11 11:14:00,11,voice,280,Station Road
CDR00182,B4,Nitin Kamble,7000000017,B9,Rafiq Shaikh,7000000023,2026-01-22 15:42:00,22,voice,496,Central Junction
CDR00183,B4,Nitin Kamble,7000000017,B9,Rafiq Shaikh,7000000023,2026-01-23 12:04:00,23,voice,373,Warehouse District
CDR00184,B4,Nitin Kamble,7000000017,B9,Rafiq Shaikh,7000000023,2026-01-24 16:40:00,24,sms,0,Lakeview Chowk
CDR00185,B4,Nitin Kamble,7000000017,B9,Rafiq Shaikh,7000000023,2026-01-31 15:29:00,31,sms,0,Industrial Estate Road
CDR00186,B4,Nitin Kamble,7000000017,B9,Rafiq Shaikh,7000000023,2026-02-18 19:54:00,49,voice,262,Hilltop Society
CDR00187,B4,Nitin Kamble,7000000017,B9,Rafiq Shaikh,7000000023,2026-03-05 18:36:00,64,voice,322,Dockside Ward
CDR00188,B4,Nitin Kamble,7000000017,B9,Rafiq Shaikh,7000000023,2026-03-14 19:17:00,73,voice,70,Warehouse District
CDR00189,B4,Nitin Kamble,7000000017,B9,Rafiq Shaikh,7000000023,2026-03-16 22:53:00,75,sms,0,Central Junction
CDR00190,B4,Nitin Kamble,7000000017,B9,Rafiq Shaikh,7000000023,2026-03-20 14:38:00,79,sms,0,Industrial Estate Road
CDR00191,B4,Nitin Kamble,7000000017,B9,Rafiq Shaikh,7000000023,2026-03-21 13:39:00,80,voice,160,North Bypass
CDR00192,B4,Nitin Kamble,7000000017,B9,Rafiq Shaikh,7000000023,2026-03-29 10:57:00,88,voice,60,Central Junction
CDR00193,B4,Nitin Kamble,7000000017,B10,Ganesh Pandit,7000000024,2026-01-05 15:53:00,5,voice,513,Central Junction
CDR00194,B4,Nitin Kamble,7000000017,B10,Ganesh Pandit,7000000024,2026-01-12 17:51:00,12,voice,97,Riverside Colony
CDR00195,B4,Nitin Kamble,7000000017,B10,Ganesh Pandit,7000000024,2026-01-17 14:55:00,17,voice,426,New Colony
CDR00196,B4,Nitin Kamble,7000000017,B10,Ganesh Pandit,7000000024,2026-01-23 18:05:00,23,sms,0,Dockside Ward
CDR00197,B4,Nitin Kamble,7000000017,B10,Ganesh Pandit,7000000024,2026-01-26 15:34:00,26,voice,397,North Bypass
CDR00198,B4,Nitin Kamble,7000000017,B10,Ganesh Pandit,7000000024,2026-02-07 15:37:00,38,voice,400,Old Market Circle
CDR00199,B4,Nitin Kamble,7000000017,B10,Ganesh Pandit,7000000024,2026-02-11 14:30:00,42,voice,594,Eastgate
CDR00200,B4,Nitin Kamble,7000000017,B10,Ganesh Pandit,7000000024,2026-02-16 14:41:00,47,voice,495,Lakeview Chowk
CDR00201,B4,Nitin Kamble,7000000017,B10,Ganesh Pandit,7000000024,2026-02-23 16:41:00,54,voice,163,Dockside Ward
CDR00202,B4,Nitin Kamble,7000000017,B10,Ganesh Pandit,7000000024,2026-03-06 08:19:00,65,sms,0,Old Market Circle
CDR00203,B4,Nitin Kamble,7000000017,B10,Ganesh Pandit,7000000024,2026-03-09 10:15:00,68,sms,0,Riverside Colony
CDR00204,B4,Nitin Kamble,7000000017,B10,Ganesh Pandit,7000000024,2026-03-11 19:29:00,70,voice,573,Hilltop Society
CDR00205,B4,Nitin Kamble,7000000017,B10,Ganesh Pandit,7000000024,2026-03-16 11:56:00,75,voice,121,Station Road
CDR00206,B1,Rajan Naik,7000000014,B11,Kavita Desai,7000000025,2026-01-05 18:03:00,5,voice,214,Old Market Circle
CDR00207,B1,Rajan Naik,7000000014,B11,Kavita Desai,7000000025,2026-01-13 21:05:00,13,voice,41,Dockside Ward
CDR00208,B1,Rajan Naik,7000000014,B11,Kavita Desai,7000000025,2026-01-28 17:15:00,28,sms,0,Warehouse District
CDR00209,B1,Rajan Naik,7000000014,B11,Kavita Desai,7000000025,2026-01-31 13:04:00,31,sms,0,New Colony
CDR00210,B1,Rajan Naik,7000000014,B11,Kavita Desai,7000000025,2026-02-05 13:37:00,36,voice,258,Eastgate
CDR00211,B1,Rajan Naik,7000000014,B11,Kavita Desai,7000000025,2026-02-16 11:50:00,47,sms,0,Dockside Ward
CDR00212,B1,Rajan Naik,7000000014,B11,Kavita Desai,7000000025,2026-02-17 15:54:00,48,sms,0,Riverside Colony
CDR00213,B1,Rajan Naik,7000000014,B11,Kavita Desai,7000000025,2026-02-26 15:51:00,57,voice,46,Riverside Colony
CDR00214,B1,Rajan Naik,7000000014,B11,Kavita Desai,7000000025,2026-03-11 07:22:00,70,sms,0,Industrial Estate Road
CDR00215,B1,Rajan Naik,7000000014,B11,Kavita Desai,7000000025,2026-03-24 17:01:00,83,voice,73,Riverside Colony
CDR00216,B1,Rajan Naik,7000000014,B11,Kavita Desai,7000000025,2026-03-29 20:33:00,88,voice,85,Station Road
CDR00217,B1,Rajan Naik,7000000014,B11,Kavita Desai,7000000025,2026-03-30 21:49:00,89,voice,131,Station Road
CDR00218,B1,Rajan Naik,7000000014,B12,Mohsin Qureshi,7000000026,2026-01-04 10:31:00,4,voice,474,Old Market Circle
CDR00219,B1,Rajan Naik,7000000014,B12,Mohsin Qureshi,7000000026,2026-01-06 09:20:00,6,voice,87,Riverside Colony
CDR00220,B1,Rajan Naik,7000000014,B12,Mohsin Qureshi,7000000026,2026-01-08 15:39:00,8,voice,581,Lakeview Chowk
CDR00221,B1,Rajan Naik,7000000014,B12,Mohsin Qureshi,7000000026,2026-01-29 17:24:00,29,sms,0,New Colony
CDR00222,B1,Rajan Naik,7000000014,B12,Mohsin Qureshi,7000000026,2026-02-08 16:29:00,39,voice,460,Old Market Circle
CDR00223,B1,Rajan Naik,7000000014,B12,Mohsin Qureshi,7000000026,2026-02-21 10:54:00,52,voice,584,Lakeview Chowk
CDR00224,B1,Rajan Naik,7000000014,B12,Mohsin Qureshi,7000000026,2026-02-24 13:27:00,55,voice,253,Hilltop Society
CDR00225,B1,Rajan Naik,7000000014,B12,Mohsin Qureshi,7000000026,2026-02-28 17:52:00,59,voice,445,Lakeview Chowk
CDR00226,B1,Rajan Naik,7000000014,B12,Mohsin Qureshi,7000000026,2026-03-03 10:20:00,62,voice,281,Eastgate
CDR00227,B1,Rajan Naik,7000000014,B12,Mohsin Qureshi,7000000026,2026-03-08 11:43:00,67,sms,0,Old Market Circle
CDR00228,B1,Rajan Naik,7000000014,B12,Mohsin Qureshi,7000000026,2026-03-20 09:53:00,79,voice,462,Old Market Circle
CDR00229,B1,Rajan Naik,7000000014,B12,Mohsin Qureshi,7000000026,2026-03-24 18:51:00,83,voice,81,Warehouse District
CDR00230,B1,Rajan Naik,7000000014,B12,Mohsin Qureshi,7000000026,2026-03-26 17:42:00,85,voice,382,North Bypass
CDR00231,B1,Rajan Naik,7000000014,B12,Mohsin Qureshi,7000000026,2026-03-29 20:55:00,88,sms,0,Dockside Ward
CDR00232,C1,Prakash Shetty,7000000027,C2,Nasir Malik,7000000028,2026-01-14 14:54:00,14,voice,589,Eastgate
CDR00233,C1,Prakash Shetty,7000000027,C2,Nasir Malik,7000000028,2026-01-20 10:48:00,20,voice,251,Hilltop Society
CDR00234,C1,Prakash Shetty,7000000027,C2,Nasir Malik,7000000028,2026-01-28 07:38:00,28,sms,0,Lakeview Chowk
CDR00235,C1,Prakash Shetty,7000000027,C2,Nasir Malik,7000000028,2026-02-09 15:01:00,40,voice,336,Eastgate
CDR00236,C1,Prakash Shetty,7000000027,C2,Nasir Malik,7000000028,2026-02-15 18:00:00,46,voice,166,Warehouse District
CDR00237,C1,Prakash Shetty,7000000027,C2,Nasir Malik,7000000028,2026-03-03 19:04:00,62,voice,51,Old Market Circle
CDR00238,C1,Prakash Shetty,7000000027,C2,Nasir Malik,7000000028,2026-03-06 23:13:00,65,voice,484,Eastgate
CDR00239,C1,Prakash Shetty,7000000027,C2,Nasir Malik,7000000028,2026-03-15 12:23:00,74,voice,352,Warehouse District
CDR00240,C1,Prakash Shetty,7000000027,C2,Nasir Malik,7000000028,2026-03-18 09:56:00,77,voice,181,Warehouse District
CDR00241,C1,Prakash Shetty,7000000027,C2,Nasir Malik,7000000028,2026-03-26 08:43:00,85,voice,473,North Bypass
CDR00242,C1,Prakash Shetty,7000000027,C3,Ravi Kadam,7000000029,2026-01-15 22:33:00,15,voice,66,Industrial Estate Road
CDR00243,C1,Prakash Shetty,7000000027,C3,Ravi Kadam,7000000029,2026-01-28 19:38:00,28,voice,229,Central Junction
CDR00244,C1,Prakash Shetty,7000000027,C3,Ravi Kadam,7000000029,2026-02-04 13:49:00,35,voice,281,Central Junction
CDR00245,C1,Prakash Shetty,7000000027,C3,Ravi Kadam,7000000029,2026-02-06 17:07:00,37,voice,460,Riverside Colony
CDR00246,C1,Prakash Shetty,7000000027,C3,Ravi Kadam,7000000029,2026-02-14 11:24:00,45,voice,255,New Colony
CDR00247,C1,Prakash Shetty,7000000027,C3,Ravi Kadam,7000000029,2026-02-23 18:04:00,54,voice,63,Hilltop Society
CDR00248,C1,Prakash Shetty,7000000027,C3,Ravi Kadam,7000000029,2026-02-25 07:29:00,56,sms,0,Eastgate
CDR00249,C1,Prakash Shetty,7000000027,C3,Ravi Kadam,7000000029,2026-02-26 20:36:00,57,voice,447,Central Junction
CDR00250,C1,Prakash Shetty,7000000027,C3,Ravi Kadam,7000000029,2026-03-04 10:25:00,63,voice,352,Riverside Colony
CDR00251,C1,Prakash Shetty,7000000027,C3,Ravi Kadam,7000000029,2026-03-07 21:53:00,66,voice,390,Old Market Circle
CDR00252,C1,Prakash Shetty,7000000027,C3,Ravi Kadam,7000000029,2026-03-19 20:54:00,78,voice,466,Warehouse District
CDR00253,C1,Prakash Shetty,7000000027,C3,Ravi Kadam,7000000029,2026-03-28 19:33:00,87,voice,337,Lakeview Chowk
CDR00254,C1,Prakash Shetty,7000000027,C4,Baban Surve,7000000030,2026-01-10 11:15:00,10,voice,282,Industrial Estate Road
CDR00255,C1,Prakash Shetty,7000000027,C4,Baban Surve,7000000030,2026-01-15 12:38:00,15,voice,97,Riverside Colony
CDR00256,C1,Prakash Shetty,7000000027,C4,Baban Surve,7000000030,2026-01-22 22:29:00,22,sms,0,Warehouse District
CDR00257,C1,Prakash Shetty,7000000027,C4,Baban Surve,7000000030,2026-01-25 21:43:00,25,sms,0,Warehouse District
CDR00258,C1,Prakash Shetty,7000000027,C4,Baban Surve,7000000030,2026-01-29 17:55:00,29,sms,0,Eastgate
CDR00259,C1,Prakash Shetty,7000000027,C4,Baban Surve,7000000030,2026-02-12 11:28:00,43,voice,472,North Bypass
CDR00260,C1,Prakash Shetty,7000000027,C4,Baban Surve,7000000030,2026-02-14 16:50:00,45,voice,77,Eastgate
CDR00261,C1,Prakash Shetty,7000000027,C4,Baban Surve,7000000030,2026-03-07 23:04:00,66,voice,482,Dockside Ward
CDR00262,C1,Prakash Shetty,7000000027,C4,Baban Surve,7000000030,2026-03-09 08:23:00,68,sms,0,Old Market Circle
CDR00263,C1,Prakash Shetty,7000000027,C4,Baban Surve,7000000030,2026-03-23 09:39:00,82,voice,413,Station Road
CDR00264,C1,Prakash Shetty,7000000027,C4,Baban Surve,7000000030,2026-03-24 08:28:00,83,sms,0,Warehouse District
CDR00265,C2,Nasir Malik,7000000028,C5,Yusuf Ali,7000000031,2026-01-08 09:32:00,8,voice,60,Industrial Estate Road
CDR00266,C2,Nasir Malik,7000000028,C5,Yusuf Ali,7000000031,2026-01-14 21:28:00,14,voice,182,Eastgate
CDR00267,C2,Nasir Malik,7000000028,C5,Yusuf Ali,7000000031,2026-01-20 18:58:00,20,voice,438,Eastgate
CDR00268,C2,Nasir Malik,7000000028,C5,Yusuf Ali,7000000031,2026-02-11 08:50:00,42,voice,362,Old Market Circle
CDR00269,C2,Nasir Malik,7000000028,C5,Yusuf Ali,7000000031,2026-02-13 17:06:00,44,voice,415,Central Junction
CDR00270,C2,Nasir Malik,7000000028,C5,Yusuf Ali,7000000031,2026-02-27 15:46:00,58,sms,0,Warehouse District
CDR00271,C2,Nasir Malik,7000000028,C5,Yusuf Ali,7000000031,2026-03-02 11:21:00,61,voice,164,Eastgate
CDR00272,C2,Nasir Malik,7000000028,C5,Yusuf Ali,7000000031,2026-03-06 16:41:00,65,voice,421,Riverside Colony
CDR00273,C2,Nasir Malik,7000000028,C5,Yusuf Ali,7000000031,2026-03-19 09:19:00,78,voice,356,Riverside Colony
CDR00274,C2,Nasir Malik,7000000028,C6,Santosh Bhosale,7000000032,2026-01-03 11:09:00,3,voice,123,New Colony
CDR00275,C2,Nasir Malik,7000000028,C6,Santosh Bhosale,7000000032,2026-01-12 23:02:00,12,voice,154,Warehouse District
CDR00276,C2,Nasir Malik,7000000028,C6,Santosh Bhosale,7000000032,2026-01-24 19:09:00,24,voice,189,Lakeview Chowk
CDR00277,C2,Nasir Malik,7000000028,C6,Santosh Bhosale,7000000032,2026-01-25 21:02:00,25,voice,263,Station Road
CDR00278,C2,Nasir Malik,7000000028,C6,Santosh Bhosale,7000000032,2026-01-28 16:48:00,28,voice,479,Industrial Estate Road
CDR00279,C2,Nasir Malik,7000000028,C6,Santosh Bhosale,7000000032,2026-01-29 14:19:00,29,sms,0,Station Road
CDR00280,C2,Nasir Malik,7000000028,C6,Santosh Bhosale,7000000032,2026-02-09 13:23:00,40,voice,471,Station Road
CDR00281,C2,Nasir Malik,7000000028,C6,Santosh Bhosale,7000000032,2026-02-13 16:49:00,44,voice,560,Hilltop Society
CDR00282,C2,Nasir Malik,7000000028,C6,Santosh Bhosale,7000000032,2026-02-16 12:52:00,47,voice,161,Central Junction
CDR00283,C2,Nasir Malik,7000000028,C6,Santosh Bhosale,7000000032,2026-02-24 08:41:00,55,voice,400,New Colony
CDR00284,C2,Nasir Malik,7000000028,C6,Santosh Bhosale,7000000032,2026-03-04 10:45:00,63,sms,0,Old Market Circle
CDR00285,C2,Nasir Malik,7000000028,C6,Santosh Bhosale,7000000032,2026-03-07 16:05:00,66,sms,0,Central Junction
CDR00286,C2,Nasir Malik,7000000028,C6,Santosh Bhosale,7000000032,2026-03-24 21:57:00,83,voice,467,Old Market Circle
CDR00287,C2,Nasir Malik,7000000028,C6,Santosh Bhosale,7000000032,2026-03-27 14:52:00,86,voice,377,Dockside Ward
CDR00288,C2,Nasir Malik,7000000028,C13,Ramesh Chougule,7000000033,2026-01-04 17:50:00,4,voice,59,Central Junction
CDR00289,C2,Nasir Malik,7000000028,C13,Ramesh Chougule,7000000033,2026-01-07 22:44:00,7,sms,0,Lakeview Chowk
CDR00290,C2,Nasir Malik,7000000028,C13,Ramesh Chougule,7000000033,2026-01-11 22:28:00,11,voice,101,Dockside Ward
CDR00291,C2,Nasir Malik,7000000028,C13,Ramesh Chougule,7000000033,2026-01-13 15:13:00,13,sms,0,New Colony
CDR00292,C2,Nasir Malik,7000000028,C13,Ramesh Chougule,7000000033,2026-01-29 23:27:00,29,voice,315,Industrial Estate Road
CDR00293,C2,Nasir Malik,7000000028,C13,Ramesh Chougule,7000000033,2026-01-31 16:07:00,31,voice,449,North Bypass
CDR00294,C2,Nasir Malik,7000000028,C13,Ramesh Chougule,7000000033,2026-02-10 21:04:00,41,voice,531,Warehouse District
CDR00295,C2,Nasir Malik,7000000028,C13,Ramesh Chougule,7000000033,2026-02-17 07:40:00,48,voice,267,Lakeview Chowk
CDR00296,C2,Nasir Malik,7000000028,C13,Ramesh Chougule,7000000033,2026-02-19 11:18:00,50,voice,381,Industrial Estate Road
CDR00297,C2,Nasir Malik,7000000028,C13,Ramesh Chougule,7000000033,2026-02-20 20:11:00,51,voice,107,New Colony
CDR00298,C2,Nasir Malik,7000000028,C13,Ramesh Chougule,7000000033,2026-03-06 18:04:00,65,sms,0,New Colony
CDR00299,C2,Nasir Malik,7000000028,C13,Ramesh Chougule,7000000033,2026-03-25 23:50:00,84,sms,0,New Colony
CDR00300,C3,Ravi Kadam,7000000029,C7,Aslam Pathan,7000000034,2026-01-06 07:22:00,6,sms,0,Eastgate
CDR00301,C3,Ravi Kadam,7000000029,C7,Aslam Pathan,7000000034,2026-02-02 14:46:00,33,voice,126,Warehouse District
CDR00302,C3,Ravi Kadam,7000000029,C7,Aslam Pathan,7000000034,2026-02-17 17:08:00,48,voice,579,Eastgate
CDR00303,C3,Ravi Kadam,7000000029,C7,Aslam Pathan,7000000034,2026-02-19 12:53:00,50,sms,0,Station Road
CDR00304,C3,Ravi Kadam,7000000029,C7,Aslam Pathan,7000000034,2026-03-02 22:40:00,61,voice,158,Old Market Circle
CDR00305,C3,Ravi Kadam,7000000029,C7,Aslam Pathan,7000000034,2026-03-23 21:02:00,82,voice,64,Industrial Estate Road
CDR00306,C3,Ravi Kadam,7000000029,C8,Mahesh Gupta,7000000035,2026-02-09 15:02:00,40,sms,0,Industrial Estate Road
CDR00307,C3,Ravi Kadam,7000000029,C8,Mahesh Gupta,7000000035,2026-02-10 16:22:00,41,sms,0,Dockside Ward
CDR00308,C3,Ravi Kadam,7000000029,C8,Mahesh Gupta,7000000035,2026-02-20 17:17:00,51,voice,396,Hilltop Society
CDR00309,C3,Ravi Kadam,7000000029,C8,Mahesh Gupta,7000000035,2026-03-02 19:47:00,61,voice,415,Eastgate
CDR00310,C3,Ravi Kadam,7000000029,C8,Mahesh Gupta,7000000035,2026-03-07 12:31:00,66,voice,396,New Colony
CDR00311,C3,Ravi Kadam,7000000029,C8,Mahesh Gupta,7000000035,2026-03-11 15:51:00,70,voice,454,Old Market Circle
CDR00312,C4,Baban Surve,7000000030,C9,Irfan Sheikh,7000000036,2026-01-11 21:22:00,11,voice,381,Warehouse District
CDR00313,C4,Baban Surve,7000000030,C9,Irfan Sheikh,7000000036,2026-01-14 20:17:00,14,voice,78,Old Market Circle
CDR00314,C4,Baban Surve,7000000030,C9,Irfan Sheikh,7000000036,2026-01-22 19:23:00,22,voice,183,Dockside Ward
CDR00315,C4,Baban Surve,7000000030,C9,Irfan Sheikh,7000000036,2026-01-24 11:54:00,24,voice,468,Dockside Ward
CDR00316,C4,Baban Surve,7000000030,C9,Irfan Sheikh,7000000036,2026-02-07 11:04:00,38,voice,395,Eastgate
CDR00317,C4,Baban Surve,7000000030,C9,Irfan Sheikh,7000000036,2026-02-09 19:36:00,40,voice,177,North Bypass
CDR00318,C4,Baban Surve,7000000030,C9,Irfan Sheikh,7000000036,2026-02-11 21:23:00,42,voice,98,Warehouse District
CDR00319,C4,Baban Surve,7000000030,C9,Irfan Sheikh,7000000036,2026-02-24 11:33:00,55,voice,341,North Bypass
CDR00320,C4,Baban Surve,7000000030,C9,Irfan Sheikh,7000000036,2026-02-27 15:15:00,58,sms,0,Dockside Ward
CDR00321,C4,Baban Surve,7000000030,C9,Irfan Sheikh,7000000036,2026-03-11 12:31:00,70,voice,595,Old Market Circle
CDR00322,C4,Baban Surve,7000000030,C9,Irfan Sheikh,7000000036,2026-03-19 15:49:00,78,voice,476,Industrial Estate Road
CDR00323,C4,Baban Surve,7000000030,C9,Irfan Sheikh,7000000036,2026-03-26 16:44:00,85,sms,0,Station Road
CDR00324,C4,Baban Surve,7000000030,C10,Vijay Salunkhe,7000000037,2026-01-10 18:45:00,10,voice,575,Central Junction
CDR00325,C4,Baban Surve,7000000030,C10,Vijay Salunkhe,7000000037,2026-01-12 16:54:00,12,voice,198,Eastgate
CDR00326,C4,Baban Surve,7000000030,C10,Vijay Salunkhe,7000000037,2026-01-16 23:14:00,16,voice,225,Riverside Colony
CDR00327,C4,Baban Surve,7000000030,C10,Vijay Salunkhe,7000000037,2026-01-18 14:50:00,18,voice,389,New Colony
CDR00328,C4,Baban Surve,7000000030,C10,Vijay Salunkhe,7000000037,2026-01-23 18:29:00,23,sms,0,New Colony
CDR00329,C4,Baban Surve,7000000030,C10,Vijay Salunkhe,7000000037,2026-02-10 11:39:00,41,sms,0,Old Market Circle
CDR00330,C4,Baban Surve,7000000030,C10,Vijay Salunkhe,7000000037,2026-02-26 16:25:00,57,sms,0,Lakeview Chowk
CDR00331,C4,Baban Surve,7000000030,C10,Vijay Salunkhe,7000000037,2026-02-27 22:33:00,58,voice,439,Warehouse District
CDR00332,C4,Baban Surve,7000000030,C10,Vijay Salunkhe,7000000037,2026-03-29 09:08:00,88,sms,0,North Bypass
CDR00333,C1,Prakash Shetty,7000000027,C11,Neha Kulkarni,7000000038,2026-01-17 12:49:00,17,sms,0,Hilltop Society
CDR00334,C1,Prakash Shetty,7000000027,C11,Neha Kulkarni,7000000038,2026-02-14 23:58:00,45,sms,0,Old Market Circle
CDR00335,C1,Prakash Shetty,7000000027,C11,Neha Kulkarni,7000000038,2026-02-27 23:09:00,58,voice,185,Eastgate
CDR00336,C1,Prakash Shetty,7000000027,C11,Neha Kulkarni,7000000038,2026-03-01 14:22:00,60,sms,0,New Colony
CDR00337,C1,Prakash Shetty,7000000027,C11,Neha Kulkarni,7000000038,2026-03-08 16:54:00,67,voice,221,North Bypass
CDR00338,C1,Prakash Shetty,7000000027,C11,Neha Kulkarni,7000000038,2026-03-12 15:08:00,71,voice,566,Old Market Circle
CDR00339,C1,Prakash Shetty,7000000027,C11,Neha Kulkarni,7000000038,2026-03-29 23:41:00,88,voice,177,Riverside Colony
CDR00340,C1,Prakash Shetty,7000000027,C12,Sunil Pillai,7000000039,2026-01-04 07:31:00,4,sms,0,New Colony
CDR00341,C1,Prakash Shetty,7000000027,C12,Sunil Pillai,7000000039,2026-01-06 16:41:00,6,sms,0,Station Road
CDR00342,C1,Prakash Shetty,7000000027,C12,Sunil Pillai,7000000039,2026-01-11 14:51:00,11,sms,0,Hilltop Society
CDR00343,C1,Prakash Shetty,7000000027,C12,Sunil Pillai,7000000039,2026-01-27 16:29:00,27,voice,81,Riverside Colony
CDR00344,C1,Prakash Shetty,7000000027,C12,Sunil Pillai,7000000039,2026-02-03 21:26:00,34,voice,228,Eastgate
CDR00345,C1,Prakash Shetty,7000000027,C12,Sunil Pillai,7000000039,2026-02-23 11:20:00,54,sms,0,Eastgate
CDR00346,C1,Prakash Shetty,7000000027,C12,Sunil Pillai,7000000039,2026-03-14 18:25:00,73,voice,399,New Colony
CDR00347,C1,Prakash Shetty,7000000027,C12,Sunil Pillai,7000000039,2026-03-15 10:20:00,74,voice,145,Central Junction
CDR00348,C1,Prakash Shetty,7000000027,C12,Sunil Pillai,7000000039,2026-03-21 21:15:00,80,voice,71,Central Junction
CDR00349,C1,Prakash Shetty,7000000027,C12,Sunil Pillai,7000000039,2026-03-24 19:55:00,83,voice,274,Riverside Colony
CDR00350,C1,Prakash Shetty,7000000027,C12,Sunil Pillai,7000000039,2026-03-25 17:59:00,84,voice,340,Industrial Estate Road
CDR00351,X1,Dinesh Mehta,7000000040,A11,Meena Joshi,7000000012,2026-01-03 21:15:00,3,voice,381,Dockside Ward
CDR00352,X1,Dinesh Mehta,7000000040,A11,Meena Joshi,7000000012,2026-01-12 08:18:00,12,voice,501,Central Junction
CDR00353,X1,Dinesh Mehta,7000000040,A11,Meena Joshi,7000000012,2026-02-09 07:54:00,40,voice,157,Central Junction
CDR00354,X1,Dinesh Mehta,7000000040,A11,Meena Joshi,7000000012,2026-02-20 18:48:00,51,voice,66,Hilltop Society
CDR00355,X1,Dinesh Mehta,7000000040,A11,Meena Joshi,7000000012,2026-03-01 08:36:00,60,voice,391,New Colony
CDR00356,X1,Dinesh Mehta,7000000040,A11,Meena Joshi,7000000012,2026-03-05 16:04:00,64,voice,481,New Colony
CDR00357,X1,Dinesh Mehta,7000000040,A11,Meena Joshi,7000000012,2026-03-06 15:52:00,65,sms,0,North Bypass
CDR00358,X1,Dinesh Mehta,7000000040,A11,Meena Joshi,7000000012,2026-03-07 10:08:00,66,sms,0,Hilltop Society
CDR00359,X1,Dinesh Mehta,7000000040,B11,Kavita Desai,7000000025,2026-01-05 11:45:00,5,voice,505,New Colony
CDR00360,X1,Dinesh Mehta,7000000040,B11,Kavita Desai,7000000025,2026-01-06 21:09:00,6,voice,547,Riverside Colony
CDR00361,X1,Dinesh Mehta,7000000040,B11,Kavita Desai,7000000025,2026-01-19 17:59:00,19,voice,186,Hilltop Society
CDR00362,X1,Dinesh Mehta,7000000040,B11,Kavita Desai,7000000025,2026-01-26 16:37:00,26,voice,541,New Colony
CDR00363,X1,Dinesh Mehta,7000000040,B11,Kavita Desai,7000000025,2026-02-13 22:45:00,44,voice,506,Dockside Ward
CDR00364,X1,Dinesh Mehta,7000000040,B11,Kavita Desai,7000000025,2026-02-16 18:21:00,47,voice,446,Warehouse District
CDR00365,X1,Dinesh Mehta,7000000040,B11,Kavita Desai,7000000025,2026-02-21 16:50:00,52,sms,0,Lakeview Chowk
CDR00366,X1,Dinesh Mehta,7000000040,B11,Kavita Desai,7000000025,2026-03-06 07:38:00,65,voice,253,Lakeview Chowk
CDR00367,X1,Dinesh Mehta,7000000040,B11,Kavita Desai,7000000025,2026-03-07 08:37:00,66,voice,556,North Bypass
CDR00368,X1,Dinesh Mehta,7000000040,B11,Kavita Desai,7000000025,2026-03-13 19:09:00,72,sms,0,Industrial Estate Road
CDR00369,X1,Dinesh Mehta,7000000040,B11,Kavita Desai,7000000025,2026-03-19 08:36:00,78,sms,0,Old Market Circle
CDR00370,X1,Dinesh Mehta,7000000040,C11,Neha Kulkarni,7000000038,2026-01-03 22:55:00,3,sms,0,Lakeview Chowk
CDR00371,X1,Dinesh Mehta,7000000040,C11,Neha Kulkarni,7000000038,2026-01-20 08:45:00,20,voice,232,New Colony
CDR00372,X1,Dinesh Mehta,7000000040,C11,Neha Kulkarni,7000000038,2026-01-27 17:42:00,27,voice,405,Eastgate
CDR00373,X1,Dinesh Mehta,7000000040,C11,Neha Kulkarni,7000000038,2026-02-10 12:29:00,41,sms,0,Eastgate
CDR00374,X1,Dinesh Mehta,7000000040,C11,Neha Kulkarni,7000000038,2026-02-22 18:43:00,53,sms,0,Lakeview Chowk
CDR00375,X1,Dinesh Mehta,7000000040,C11,Neha Kulkarni,7000000038,2026-02-23 15:39:00,54,voice,272,Central Junction
CDR00376,X1,Dinesh Mehta,7000000040,C11,Neha Kulkarni,7000000038,2026-02-26 16:14:00,57,sms,0,Central Junction
CDR00377,X1,Dinesh Mehta,7000000040,C11,Neha Kulkarni,7000000038,2026-03-06 16:45:00,65,voice,520,Eastgate
CDR00378,X1,Dinesh Mehta,7000000040,C11,Neha Kulkarni,7000000038,2026-03-30 22:22:00,89,voice,300,Central Junction
CDR00379,X2,Javed Ansari,7000000041,B1,Rajan Naik,7000000014,2026-01-19 16:02:00,19,voice,100,Eastgate
CDR00380,X2,Javed Ansari,7000000041,B1,Rajan Naik,7000000014,2026-02-14 21:41:00,45,voice,510,Industrial Estate Road
CDR00381,X2,Javed Ansari,7000000041,B1,Rajan Naik,7000000014,2026-02-18 13:52:00,49,voice,595,Lakeview Chowk
CDR00382,X2,Javed Ansari,7000000041,B1,Rajan Naik,7000000014,2026-02-20 15:08:00,51,voice,265,Industrial Estate Road
CDR00383,X2,Javed Ansari,7000000041,B1,Rajan Naik,7000000014,2026-03-11 08:42:00,70,sms,0,Industrial Estate Road
CDR00384,X2,Javed Ansari,7000000041,B1,Rajan Naik,7000000014,2026-03-15 14:03:00,74,voice,358,Lakeview Chowk
CDR00385,X2,Javed Ansari,7000000041,B1,Rajan Naik,7000000014,2026-03-28 22:06:00,87,voice,160,Dockside Ward
CDR00386,X2,Javed Ansari,7000000041,C1,Prakash Shetty,7000000027,2026-01-08 08:58:00,8,sms,0,Hilltop Society
CDR00387,X2,Javed Ansari,7000000041,C1,Prakash Shetty,7000000027,2026-01-12 12:59:00,12,sms,0,Hilltop Society
CDR00388,X2,Javed Ansari,7000000041,C1,Prakash Shetty,7000000027,2026-01-21 22:11:00,21,sms,0,Central Junction
CDR00389,X2,Javed Ansari,7000000041,C1,Prakash Shetty,7000000027,2026-01-26 08:00:00,26,voice,129,Eastgate
CDR00390,X2,Javed Ansari,7000000041,C1,Prakash Shetty,7000000027,2026-01-30 16:29:00,30,sms,0,New Colony
CDR00391,X2,Javed Ansari,7000000041,C1,Prakash Shetty,7000000027,2026-02-06 23:31:00,37,sms,0,Riverside Colony
CDR00392,X2,Javed Ansari,7000000041,C1,Prakash Shetty,7000000027,2026-02-11 23:29:00,42,voice,135,Eastgate
CDR00393,X2,Javed Ansari,7000000041,C1,Prakash Shetty,7000000027,2026-02-22 12:46:00,53,voice,283,Lakeview Chowk
CDR00394,X2,Javed Ansari,7000000041,C1,Prakash Shetty,7000000027,2026-03-02 12:00:00,61,voice,322,Warehouse District
CDR00395,X2,Javed Ansari,7000000041,C1,Prakash Shetty,7000000027,2026-03-03 13:11:00,62,voice,435,Hilltop Society
CDR00396,X2,Javed Ansari,7000000041,C1,Prakash Shetty,7000000027,2026-03-10 23:20:00,69,voice,117,Riverside Colony
CDR00397,X2,Javed Ansari,7000000041,C1,Prakash Shetty,7000000027,2026-03-15 11:30:00,74,voice,274,Dockside Ward
CDR00398,X2,Javed Ansari,7000000041,C1,Prakash Shetty,7000000027,2026-03-24 15:24:00,83,voice,293,Eastgate
CDR00399,X2,Javed Ansari,7000000041,C1,Prakash Shetty,7000000027,2026-03-25 16:37:00,84,voice,31,Central Junction
CDR00400,X3,Arvind Kapoor,7000000042,A1,Anwar Sheikh,7000000001,2026-01-08 16:44:00,8,voice,322,Eastgate
CDR00401,X3,Arvind Kapoor,7000000042,A1,Anwar Sheikh,7000000001,2026-01-16 14:14:00,16,sms,0,Station Road
CDR00402,X3,Arvind Kapoor,7000000042,A1,Anwar Sheikh,7000000001,2026-01-21 11:29:00,21,voice,402,Hilltop Society
CDR00403,X3,Arvind Kapoor,7000000042,A1,Anwar Sheikh,7000000001,2026-01-31 22:48:00,31,voice,243,Industrial Estate Road
CDR00404,X3,Arvind Kapoor,7000000042,A1,Anwar Sheikh,7000000001,2026-02-09 09:33:00,40,voice,390,Old Market Circle
CDR00405,X3,Arvind Kapoor,7000000042,A1,Anwar Sheikh,7000000001,2026-02-21 10:03:00,52,sms,0,New Colony
CDR00406,X3,Arvind Kapoor,7000000042,A1,Anwar Sheikh,7000000001,2026-03-01 13:36:00,60,voice,188,Eastgate
CDR00407,X3,Arvind Kapoor,7000000042,A1,Anwar Sheikh,7000000001,2026-03-06 23:28:00,65,voice,230,Lakeview Chowk
CDR00408,X3,Arvind Kapoor,7000000042,A1,Anwar Sheikh,7000000001,2026-03-27 22:05:00,86,sms,0,Station Road
CDR00409,X3,Arvind Kapoor,7000000042,A1,Anwar Sheikh,7000000001,2026-03-29 08:29:00,88,voice,445,Station Road
CDR00410,X3,Arvind Kapoor,7000000042,A1,Anwar Sheikh,7000000001,2026-03-30 08:35:00,89,voice,335,Lakeview Chowk
CDR00411,X3,Arvind Kapoor,7000000042,B1,Rajan Naik,7000000014,2026-01-01 08:27:00,1,voice,85,New Colony
CDR00412,X3,Arvind Kapoor,7000000042,B1,Rajan Naik,7000000014,2026-01-10 08:59:00,10,sms,0,Station Road
CDR00413,X3,Arvind Kapoor,7000000042,B1,Rajan Naik,7000000014,2026-01-28 08:18:00,28,voice,158,North Bypass
CDR00414,X3,Arvind Kapoor,7000000042,B1,Rajan Naik,7000000014,2026-02-02 20:23:00,33,sms,0,Hilltop Society
CDR00415,X3,Arvind Kapoor,7000000042,B1,Rajan Naik,7000000014,2026-02-20 21:55:00,51,sms,0,Hilltop Society
CDR00416,X3,Arvind Kapoor,7000000042,B1,Rajan Naik,7000000014,2026-03-16 19:05:00,75,voice,572,Riverside Colony
CDR00417,X4,R.K. Verma,7000000043,A2,Suresh Rane,7000000002,2026-01-01 20:34:00,1,voice,255,Industrial Estate Road
CDR00418,X4,R.K. Verma,7000000043,A2,Suresh Rane,7000000002,2026-01-03 21:22:00,3,voice,213,Lakeview Chowk
CDR00419,X4,R.K. Verma,7000000043,A2,Suresh Rane,7000000002,2026-01-16 10:02:00,16,sms,0,Hilltop Society
CDR00420,X4,R.K. Verma,7000000043,A2,Suresh Rane,7000000002,2026-01-17 07:15:00,17,voice,123,Warehouse District
CDR00421,X4,R.K. Verma,7000000043,A2,Suresh Rane,7000000002,2026-01-23 08:28:00,23,voice,69,Industrial Estate Road
CDR00422,X4,R.K. Verma,7000000043,A2,Suresh Rane,7000000002,2026-01-29 08:25:00,29,voice,572,Industrial Estate Road
CDR00423,X4,R.K. Verma,7000000043,A2,Suresh Rane,7000000002,2026-02-08 08:08:00,39,voice,316,Industrial Estate Road
CDR00424,X4,R.K. Verma,7000000043,A2,Suresh Rane,7000000002,2026-02-20 17:36:00,51,voice,348,Industrial Estate Road
CDR00425,X4,R.K. Verma,7000000043,A2,Suresh Rane,7000000002,2026-03-01 16:56:00,60,voice,553,Industrial Estate Road
CDR00426,X4,R.K. Verma,7000000043,A2,Suresh Rane,7000000002,2026-03-09 20:19:00,68,voice,590,Warehouse District
CDR00427,X4,R.K. Verma,7000000043,A2,Suresh Rane,7000000002,2026-03-10 12:40:00,69,voice,589,Station Road
CDR00428,X4,R.K. Verma,7000000043,B2,Salim Pathan,7000000015,2026-02-10 20:26:00,41,voice,405,Riverside Colony
CDR00429,X4,R.K. Verma,7000000043,B2,Salim Pathan,7000000015,2026-02-14 22:15:00,45,sms,0,Central Junction
CDR00430,X4,R.K. Verma,7000000043,B2,Salim Pathan,7000000015,2026-02-18 11:51:00,49,voice,79,New Colony
CDR00431,X4,R.K. Verma,7000000043,B2,Salim Pathan,7000000015,2026-03-09 20:26:00,68,voice,157,Hilltop Society
CDR00432,X4,R.K. Verma,7000000043,B2,Salim Pathan,7000000015,2026-03-24 14:16:00,83,voice,100,Station Road
CDR00433,X4,R.K. Verma,7000000043,B2,Salim Pathan,7000000015,2026-03-27 18:05:00,86,voice,215,Dockside Ward
CDR00434,X4,R.K. Verma,7000000043,C2,Nasir Malik,7000000028,2026-01-06 22:13:00,6,sms,0,Eastgate
CDR00435,X4,R.K. Verma,7000000043,C2,Nasir Malik,7000000028,2026-01-10 16:58:00,10,voice,214,Lakeview Chowk
CDR00436,X4,R.K. Verma,7000000043,C2,Nasir Malik,7000000028,2026-01-25 10:47:00,25,sms,0,Station Road
CDR00437,X4,R.K. Verma,7000000043,C2,Nasir Malik,7000000028,2026-01-28 14:44:00,28,voice,229,Hilltop Society
CDR00438,X4,R.K. Verma,7000000043,C2,Nasir Malik,7000000028,2026-02-18 14:35:00,49,voice,309,Hilltop Society
CDR00439,X4,R.K. Verma,7000000043,C2,Nasir Malik,7000000028,2026-03-13 21:34:00,72,voice,335,Central Junction
CDR00440,X4,R.K. Verma,7000000043,C2,Nasir Malik,7000000028,2026-03-17 18:32:00,76,sms,0,Station Road
CDR00441,X4,R.K. Verma,7000000043,C2,Nasir Malik,7000000028,2026-03-19 10:51:00,78,sms,0,Station Road
CDR00442,X4,R.K. Verma,7000000043,C2,Nasir Malik,7000000028,2026-03-27 17:58:00,86,voice,340,Hilltop Society
CDR00443,X4,R.K. Verma,7000000043,C2,Nasir Malik,7000000028,2026-03-28 08:36:00,87,sms,0,Lakeview Chowk
CDR00444,A1,Anwar Sheikh,7000000001,A3,Farhan Qureshi,7000000003,2026-02-25 20:18:00,56,voice,367,Industrial Estate Road
CDR00445,A4,Vikas Chauhan,7000000004,A11,Meena Joshi,7000000012,2026-02-22 22:35:00,53,voice,731,Eastgate
CDR00446,A3,Farhan Qureshi,7000000003,A4,Vikas Chauhan,7000000004,2026-02-26 22:29:00,57,voice,844,Eastgate
CDR00447,A2,Suresh Rane,7000000002,A12,Rohit Bhatt,7000000013,2026-02-26 22:11:00,57,sms,0,New Colony
CDR00448,A12,Rohit Bhatt,7000000013,A1,Anwar Sheikh,7000000001,2026-02-25 08:53:00,56,sms,0,North Bypass
CDR00449,A1,Anwar Sheikh,7000000001,A12,Rohit Bhatt,7000000013,2026-02-24 11:53:00,55,voice,99,Lakeview Chowk
CDR00450,A2,Suresh Rane,7000000002,A1,Anwar Sheikh,7000000001,2026-02-22 23:29:00,53,voice,662,North Bypass
CDR00451,A12,Rohit Bhatt,7000000013,A11,Meena Joshi,7000000012,2026-02-24 22:01:00,55,voice,594,Hilltop Society
CDR00452,A1,Anwar Sheikh,7000000001,A12,Rohit Bhatt,7000000013,2026-02-25 15:34:00,56,sms,0,Dockside Ward
CDR00453,A11,Meena Joshi,7000000012,A4,Vikas Chauhan,7000000004,2026-02-22 10:58:00,53,voice,182,Industrial Estate Road
CDR00454,A2,Suresh Rane,7000000002,A11,Meena Joshi,7000000012,2026-02-25 15:52:00,56,voice,844,Hilltop Society
CDR00455,A1,Anwar Sheikh,7000000001,A3,Farhan Qureshi,7000000003,2026-02-24 21:36:00,55,voice,743,Industrial Estate Road
CDR00456,A3,Farhan Qureshi,7000000003,A1,Anwar Sheikh,7000000001,2026-02-26 08:05:00,57,voice,416,New Colony
CDR00457,A4,Vikas Chauhan,7000000004,A1,Anwar Sheikh,7000000001,2026-02-26 07:44:00,57,voice,541,Hilltop Society
CDR00458,A12,Rohit Bhatt,7000000013,N11,Amit Kulkarni,7000000110,2026-02-22 23:58:00,53,voice,18,Lakeview Chowk
CDR00459,A9,Tariq Ansari,7000000010,N16,Pooja Sinha,7000000115,2026-02-25 08:59:00,56,voice,22,New Colony
CDR00460,A9,Tariq Ansari,7000000010,N2,Anita Kulkarni,7000000101,2026-02-23 17:01:00,54,sms,0,Warehouse District
CDR00461,A3,Farhan Qureshi,7000000003,N13,Vinay Chatterjee,7000000112,2026-02-22 16:10:00,53,voice,41,Hilltop Society
CDR00462,A10,Faisal Shah,7000000011,N18,Anita Naidu,7000000117,2026-02-26 19:48:00,57,voice,55,Lakeview Chowk
CDR00463,A11,Meena Joshi,7000000012,N3,Vinay Naidu,7000000102,2026-02-26 08:06:00,57,voice,58,Old Market Circle
CDR00464,A6,Iqbal Khan,7000000006,N20,Sneha Reddy,7000000119,2026-02-27 17:01:00,58,voice,55,Station Road
CDR00465,A7,Ramesh Yadav,7000000008,N8,Manoj Kulkarni,7000000107,2026-02-26 19:27:00,57,voice,42,North Bypass
CDR00466,A13,Karan Mehra,7000000007,N3,Vinay Naidu,7000000102,2026-02-25 14:45:00,56,voice,22,Riverside Colony
CDR00467,A13,Karan Mehra,7000000007,N5,Amit Reddy,7000000104,2026-02-27 17:23:00,58,voice,5,Central Junction
CDR00468,B3,Vinod Chavan,7000000016,B12,Mohsin Qureshi,7000000026,2026-02-24 11:05:00,55,voice,469,New Colony
CDR00469,B11,Kavita Desai,7000000025,B12,Mohsin Qureshi,7000000026,2026-02-27 10:01:00,58,voice,577,Old Market Circle
CDR00470,B11,Kavita Desai,7000000025,B12,Mohsin Qureshi,7000000026,2026-02-26 19:00:00,57,voice,407,Old Market Circle
CDR00471,B12,Mohsin Qureshi,7000000026,B11,Kavita Desai,7000000025,2026-02-25 23:10:00,56,voice,183,Riverside Colony
CDR00472,B3,Vinod Chavan,7000000016,B12,Mohsin Qureshi,7000000026,2026-02-26 22:09:00,57,voice,455,Central Junction
CDR00473,B4,Nitin Kamble,7000000017,B3,Vinod Chavan,7000000016,2026-02-27 09:23:00,58,voice,262,Lakeview Chowk
CDR00474,B12,Mohsin Qureshi,7000000026,B4,Nitin Kamble,7000000017,2026-02-28 13:29:00,59,voice,321,Dockside Ward
CDR00475,B4,Nitin Kamble,7000000017,B3,Vinod Chavan,7000000016,2026-02-28 19:51:00,59,sms,0,Station Road
CDR00476,B3,Vinod Chavan,7000000016,B4,Nitin Kamble,7000000017,2026-03-01 11:19:00,60,voice,721,Industrial Estate Road
CDR00477,B4,Nitin Kamble,7000000017,B3,Vinod Chavan,7000000016,2026-02-25 19:20:00,56,voice,721,North Bypass
CDR00478,B4,Nitin Kamble,7000000017,B11,Kavita Desai,7000000025,2026-02-25 17:24:00,56,voice,814,Hilltop Society
CDR00479,B3,Vinod Chavan,7000000016,B1,Rajan Naik,7000000014,2026-02-28 13:37:00,59,sms,0,Riverside Colony
CDR00480,B12,Mohsin Qureshi,7000000026,B11,Kavita Desai,7000000025,2026-02-24 21:45:00,55,voice,826,Central Junction
CDR00481,B12,Mohsin Qureshi,7000000026,B1,Rajan Naik,7000000014,2026-02-27 22:08:00,58,voice,257,Central Junction
CDR00482,B12,Mohsin Qureshi,7000000026,B2,Salim Pathan,7000000015,2026-03-01 20:50:00,60,voice,469,Warehouse District
CDR00483,B4,Nitin Kamble,7000000017,B11,Kavita Desai,7000000025,2026-02-27 23:59:00,58,sms,0,Lakeview Chowk
CDR00484,B4,Nitin Kamble,7000000017,B11,Kavita Desai,7000000025,2026-02-24 18:44:00,55,sms,0,New Colony
CDR00485,B11,Kavita Desai,7000000025,B1,Rajan Naik,7000000014,2026-02-24 14:42:00,55,voice,180,North Bypass
CDR00486,B11,Kavita Desai,7000000025,B1,Rajan Naik,7000000014,2026-02-28 19:48:00,59,voice,825,Hilltop Society
CDR00487,B1,Rajan Naik,7000000014,B12,Mohsin Qureshi,7000000026,2026-02-24 15:14:00,55,voice,541,New Colony
CDR00488,B11,Kavita Desai,7000000025,B12,Mohsin Qureshi,7000000026,2026-02-25 21:23:00,56,voice,800,North Bypass
CDR00489,B11,Kavita Desai,7000000025,B12,Mohsin Qureshi,7000000026,2026-02-25 18:01:00,56,voice,312,Hilltop Society
CDR00490,B1,Rajan Naik,7000000014,B12,Mohsin Qureshi,7000000026,2026-03-01 11:22:00,60,voice,476,Industrial Estate Road
CDR00491,B11,Kavita Desai,7000000025,B4,Nitin Kamble,7000000017,2026-02-26 22:06:00,57,voice,723,Station Road
CDR00492,B3,Vinod Chavan,7000000016,B1,Rajan Naik,7000000014,2026-02-26 08:51:00,57,voice,33,Eastgate
CDR00493,B12,Mohsin Qureshi,7000000026,B1,Rajan Naik,7000000014,2026-03-01 12:59:00,60,sms,0,Industrial Estate Road
CDR00494,B11,Kavita Desai,7000000025,B2,Salim Pathan,7000000015,2026-02-28 12:21:00,59,voice,483,Industrial Estate Road
CDR00495,B4,Nitin Kamble,7000000017,B2,Salim Pathan,7000000015,2026-02-25 20:25:00,56,voice,638,Industrial Estate Road
CDR00496,B4,Nitin Kamble,7000000017,B11,Kavita Desai,7000000025,2026-02-27 19:00:00,58,voice,220,Central Junction
CDR00497,B12,Mohsin Qureshi,7000000026,B1,Rajan Naik,7000000014,2026-02-28 10:51:00,59,sms,0,Riverside Colony
CDR00498,B3,Vinod Chavan,7000000016,B12,Mohsin Qureshi,7000000026,2026-02-25 21:07:00,56,voice,893,Station Road
CDR00499,B11,Kavita Desai,7000000025,B3,Vinod Chavan,7000000016,2026-02-28 19:39:00,59,voice,126,Eastgate
CDR00500,B3,Vinod Chavan,7000000016,B4,Nitin Kamble,7000000017,2026-02-28 12:52:00,59,voice,829,Central Junction
CDR00501,B11,Kavita Desai,7000000025,B12,Mohsin Qureshi,7000000026,2026-02-24 11:20:00,55,voice,322,Old Market Circle
CDR00502,B6,Imran Baig,7000000019,N5,Amit Reddy,7000000104,2026-03-02 20:38:00,61,voice,29,Hilltop Society
CDR00503,B3,Vinod Chavan,7000000016,N16,Pooja Sinha,7000000115,2026-02-26 12:31:00,57,voice,16,Eastgate
CDR00504,B7,Deepak Sawant,7000000021,N20,Sneha Reddy,7000000119,2026-02-24 18:00:00,55,voice,17,Hilltop Society
CDR00505,B8,Waseem Ali,7000000022,N17,Naveen Iyer,7000000116,2026-03-03 20:43:00,62,voice,50,Station Road
CDR00506,B7,Deepak Sawant,7000000021,N6,Poonam Menon,7000000105,2026-02-25 07:50:00,56,sms,0,Central Junction
CDR00507,B1,Rajan Naik,7000000014,N9,Vinay Dutta,7000000108,2026-02-27 16:10:00,58,sms,0,Warehouse District
CDR00508,B11,Kavita Desai,7000000025,N16,Pooja Sinha,7000000115,2026-02-25 10:17:00,56,sms,0,Eastgate
CDR00509,B8,Waseem Ali,7000000022,N2,Anita Kulkarni,7000000101,2026-03-03 13:27:00,62,voice,58,North Bypass
CDR00510,B12,Mohsin Qureshi,7000000026,N8,Manoj Kulkarni,7000000107,2026-02-28 08:28:00,59,voice,60,Old Market Circle
CDR00511,B7,Deepak Sawant,7000000021,N4,Sunita Nair,7000000103,2026-02-27 13:51:00,58,voice,49,Eastgate
CDR00512,C2,Nasir Malik,7000000028,C11,Neha Kulkarni,7000000038,2026-02-28 13:52:00,59,voice,90,Warehouse District
CDR00513,C3,Ravi Kadam,7000000029,C11,Neha Kulkarni,7000000038,2026-03-01 12:20:00,60,sms,0,Central Junction
CDR00514,C3,Ravi Kadam,7000000029,C11,Neha Kulkarni,7000000038,2026-03-01 23:57:00,60,voice,127,Riverside Colony
CDR00515,C4,Baban Surve,7000000030,C1,Prakash Shetty,7000000027,2026-03-01 11:44:00,60,sms,0,Industrial Estate Road
CDR00516,C2,Nasir Malik,7000000028,C3,Ravi Kadam,7000000029,2026-02-28 19:31:00,59,voice,677,Central Junction
CDR00517,C12,Sunil Pillai,7000000039,C4,Baban Surve,7000000030,2026-03-02 21:04:00,61,voice,817,Old Market Circle
CDR00518,C4,Baban Surve,7000000030,C11,Neha Kulkarni,7000000038,2026-03-04 15:44:00,63,sms,0,Eastgate
CDR00519,C4,Baban Surve,7000000030,C12,Sunil Pillai,7000000039,2026-03-01 07:55:00,60,sms,0,Lakeview Chowk
CDR00520,C1,Prakash Shetty,7000000027,C4,Baban Surve,7000000030,2026-03-04 18:54:00,63,voice,577,Hilltop Society
CDR00521,C2,Nasir Malik,7000000028,C4,Baban Surve,7000000030,2026-02-28 22:17:00,59,voice,320,Eastgate
CDR00522,C11,Neha Kulkarni,7000000038,C12,Sunil Pillai,7000000039,2026-02-28 22:50:00,59,voice,728,Dockside Ward
CDR00523,C1,Prakash Shetty,7000000027,C12,Sunil Pillai,7000000039,2026-03-04 21:01:00,63,voice,191,Station Road
CDR00524,C4,Baban Surve,7000000030,C1,Prakash Shetty,7000000027,2026-03-02 13:44:00,61,sms,0,North Bypass
CDR00525,C3,Ravi Kadam,7000000029,C2,Nasir Malik,7000000028,2026-03-01 09:41:00,60,voice,114,Eastgate
CDR00526,C12,Sunil Pillai,7000000039,C2,Nasir Malik,7000000028,2026-02-27 19:40:00,58,voice,746,Industrial Estate Road
CDR00527,C4,Baban Surve,7000000030,C1,Prakash Shetty,7000000027,2026-03-04 10:00:00,63,voice,109,Riverside Colony
CDR00528,C11,Neha Kulkarni,7000000038,C2,Nasir Malik,7000000028,2026-03-03 21:00:00,62,voice,381,Old Market Circle
CDR00529,C4,Baban Surve,7000000030,C2,Nasir Malik,7000000028,2026-03-02 09:14:00,61,voice,778,Old Market Circle
CDR00530,C6,Santosh Bhosale,7000000032,N12,Amit Menon,7000000111,2026-03-03 11:24:00,62,sms,0,Riverside Colony
CDR00531,C10,Vijay Salunkhe,7000000037,N5,Amit Reddy,7000000104,2026-02-28 23:36:00,59,voice,46,Riverside Colony
CDR00532,C7,Aslam Pathan,7000000034,N12,Amit Menon,7000000111,2026-03-02 11:58:00,61,voice,48,Station Road
CDR00533,C4,Baban Surve,7000000030,N3,Vinay Naidu,7000000102,2026-02-28 11:48:00,59,voice,51,Hilltop Society
CDR00534,C6,Santosh Bhosale,7000000032,N14,Poonam Bhatia,7000000113,2026-03-04 11:15:00,63,voice,10,Industrial Estate Road
CDR00535,X1,Dinesh Mehta,7000000040,A11,Meena Joshi,7000000012,2026-02-26 16:49:00,57,sms,0,Dockside Ward
CDR00536,X1,Dinesh Mehta,7000000040,A11,Meena Joshi,7000000012,2026-02-24 13:33:00,55,voice,116,Lakeview Chowk
CDR00537,X1,Dinesh Mehta,7000000040,A11,Meena Joshi,7000000012,2026-02-25 16:41:00,56,voice,142,Station Road
CDR00538,X1,Dinesh Mehta,7000000040,A11,Meena Joshi,7000000012,2026-02-25 10:15:00,56,voice,56,New Colony
CDR00539,X3,Arvind Kapoor,7000000042,A1,Anwar Sheikh,7000000001,2026-02-24 17:08:00,55,voice,235,Eastgate
CDR00540,X3,Arvind Kapoor,7000000042,A1,Anwar Sheikh,7000000001,2026-02-26 12:48:00,57,voice,57,Dockside Ward
CDR00541,X4,R.K. Verma,7000000043,A2,Suresh Rane,7000000002,2026-02-22 07:16:00,53,voice,50,Hilltop Society
CDR00542,X4,R.K. Verma,7000000043,A2,Suresh Rane,7000000002,2026-02-26 16:40:00,57,voice,232,Hilltop Society
CDR00543,X4,R.K. Verma,7000000043,A2,Suresh Rane,7000000002,2026-02-25 09:40:00,56,voice,98,Central Junction
CDR00544,X4,R.K. Verma,7000000043,A2,Suresh Rane,7000000002,2026-02-22 16:05:00,53,voice,124,Riverside Colony
CDR00545,X1,Dinesh Mehta,7000000040,B11,Kavita Desai,7000000025,2026-02-27 19:37:00,58,voice,53,Central Junction
CDR00546,X1,Dinesh Mehta,7000000040,B11,Kavita Desai,7000000025,2026-02-28 14:03:00,59,voice,242,Old Market Circle
CDR00547,X1,Dinesh Mehta,7000000040,B11,Kavita Desai,7000000025,2026-02-28 08:19:00,59,voice,109,Old Market Circle
CDR00548,X1,Dinesh Mehta,7000000040,B11,Kavita Desai,7000000025,2026-02-25 11:44:00,56,voice,274,Eastgate
CDR00549,X2,Javed Ansari,7000000041,B1,Rajan Naik,7000000014,2026-03-01 15:10:00,60,voice,157,Lakeview Chowk
CDR00550,X2,Javed Ansari,7000000041,B1,Rajan Naik,7000000014,2026-02-25 07:21:00,56,sms,0,Central Junction
CDR00551,X2,Javed Ansari,7000000041,B1,Rajan Naik,7000000014,2026-03-01 09:16:00,60,voice,59,Station Road
CDR00552,X2,Javed Ansari,7000000041,B1,Rajan Naik,7000000014,2026-02-28 23:23:00,59,voice,105,Eastgate
CDR00553,X3,Arvind Kapoor,7000000042,B1,Rajan Naik,7000000014,2026-02-27 10:57:00,58,voice,79,Industrial Estate Road
CDR00554,X3,Arvind Kapoor,7000000042,B1,Rajan Naik,7000000014,2026-03-01 07:02:00,60,sms,0,Dockside Ward
CDR00555,X4,R.K. Verma,7000000043,B2,Salim Pathan,7000000015,2026-02-25 22:23:00,56,voice,96,Riverside Colony
CDR00556,X4,R.K. Verma,7000000043,B2,Salim Pathan,7000000015,2026-02-25 20:14:00,56,voice,233,Lakeview Chowk
CDR00557,X1,Dinesh Mehta,7000000040,C11,Neha Kulkarni,7000000038,2026-03-02 09:36:00,61,voice,277,North Bypass
CDR00558,X1,Dinesh Mehta,7000000040,C11,Neha Kulkarni,7000000038,2026-02-28 12:14:00,59,sms,0,Dockside Ward
CDR00559,X1,Dinesh Mehta,7000000040,C11,Neha Kulkarni,7000000038,2026-03-03 09:56:00,62,voice,164,Central Junction
CDR00560,X2,Javed Ansari,7000000041,C1,Prakash Shetty,7000000027,2026-02-28 21:00:00,59,voice,169,Warehouse District
CDR00561,X2,Javed Ansari,7000000041,C1,Prakash Shetty,7000000027,2026-03-02 14:29:00,61,voice,272,Industrial Estate Road
CDR00562,X2,Javed Ansari,7000000041,C1,Prakash Shetty,7000000027,2026-03-04 14:09:00,63,voice,229,Dockside Ward
CDR00563,X4,R.K. Verma,7000000043,C2,Nasir Malik,7000000028,2026-03-04 18:40:00,63,sms,0,Dockside Ward
CDR00564,X4,R.K. Verma,7000000043,C2,Nasir Malik,7000000028,2026-03-02 07:48:00,61,voice,177,Old Market Circle
CDR00565,N7,Priya Mishra,7000000106,N17,Naveen Iyer,7000000116,2026-01-31 20:31:00,31,sms,0,Riverside Colony
CDR00566,N9,Vinay Dutta,7000000108,N3,Vinay Naidu,7000000102,2026-01-06 14:57:00,6,sms,0,Hilltop Society
CDR00567,N12,Amit Menon,7000000111,N15,Rakesh Malhotra,7000000114,2026-01-11 10:32:00,11,voice,211,Old Market Circle
CDR00568,N19,Deepa Malhotra,7000000118,N20,Sneha Reddy,7000000119,2026-01-08 20:42:00,8,sms,0,Industrial Estate Road
CDR00569,N10,Alok Mishra,7000000109,N9,Vinay Dutta,7000000108,2026-02-10 19:44:00,41,sms,0,Eastgate
CDR00570,N11,Amit Kulkarni,7000000110,N15,Rakesh Malhotra,7000000114,2026-02-04 14:04:00,35,sms,0,Riverside Colony
CDR00571,N19,Deepa Malhotra,7000000118,N4,Sunita Nair,7000000103,2026-01-20 10:10:00,20,voice,170,Hilltop Society
CDR00572,N4,Sunita Nair,7000000103,N18,Anita Naidu,7000000117,2026-02-15 13:28:00,46,voice,145,Old Market Circle
CDR00573,N3,Vinay Naidu,7000000102,N6,Poonam Menon,7000000105,2026-03-29 16:52:00,88,voice,318,Dockside Ward
CDR00574,N7,Priya Mishra,7000000106,N11,Amit Kulkarni,7000000110,2026-01-19 09:45:00,19,voice,192,Hilltop Society
CDR00575,N17,Naveen Iyer,7000000116,N2,Anita Kulkarni,7000000101,2026-03-28 16:16:00,87,sms,0,Riverside Colony
CDR00576,N1,Sunita Mishra,7000000100,N13,Vinay Chatterjee,7000000112,2026-02-27 14:06:00,58,voice,81,Old Market Circle
CDR00577,N1,Sunita Mishra,7000000100,N2,Anita Kulkarni,7000000101,2026-01-29 11:12:00,29,sms,0,Eastgate
CDR00578,N3,Vinay Naidu,7000000102,N19,Deepa Malhotra,7000000118,2026-03-17 15:58:00,76,sms,0,Dockside Ward
CDR00579,N3,Vinay Naidu,7000000102,N7,Priya Mishra,7000000106,2026-03-24 21:51:00,83,voice,179,Old Market Circle
CDR00580,N2,Anita Kulkarni,7000000101,N15,Rakesh Malhotra,7000000114,2026-01-07 12:59:00,7,voice,380,Hilltop Society
CDR00581,N16,Pooja Sinha,7000000115,N1,Sunita Mishra,7000000100,2026-02-18 20:11:00,49,voice,105,Central Junction
CDR00582,N9,Vinay Dutta,7000000108,N15,Rakesh Malhotra,7000000114,2026-01-20 08:39:00,20,voice,135,North Bypass
CDR00583,N10,Alok Mishra,7000000109,N16,Pooja Sinha,7000000115,2026-02-22 22:03:00,53,voice,206,Riverside Colony
CDR00584,N14,Poonam Bhatia,7000000113,N7,Priya Mishra,7000000106,2026-03-24 23:15:00,83,voice,288,Dockside Ward
CDR00585,N13,Vinay Chatterjee,7000000112,N12,Amit Menon,7000000111,2026-03-03 22:22:00,62,sms,0,New Colony
CDR00586,N11,Amit Kulkarni,7000000110,N13,Vinay Chatterjee,7000000112,2026-02-04 12:01:00,35,voice,122,Dockside Ward
CDR00587,N9,Vinay Dutta,7000000108,N2,Anita Kulkarni,7000000101,2026-03-02 23:22:00,61,sms,0,Industrial Estate Road
CDR00588,N6,Poonam Menon,7000000105,N4,Sunita Nair,7000000103,2026-02-01 14:17:00,32,voice,387,Dockside Ward
CDR00589,N8,Manoj Kulkarni,7000000107,N19,Deepa Malhotra,7000000118,2026-02-19 18:59:00,50,sms,0,Riverside Colony
CDR00590,N6,Poonam Menon,7000000105,N8,Manoj Kulkarni,7000000107,2026-03-17 17:51:00,76,voice,193,Warehouse District
CDR00591,N1,Sunita Mishra,7000000100,N12,Amit Menon,7000000111,2026-03-14 11:36:00,73,sms,0,Station Road
CDR00592,N18,Anita Naidu,7000000117,N10,Alok Mishra,7000000109,2026-01-23 22:02:00,23,voice,129,Warehouse District
CDR00593,N8,Manoj Kulkarni,7000000107,N1,Sunita Mishra,7000000100,2026-03-09 22:00:00,68,voice,324,Industrial Estate Road
CDR00594,N5,Amit Reddy,7000000104,N11,Amit Kulkarni,7000000110,2026-01-23 17:03:00,23,voice,310,Lakeview Chowk
CDR00595,N5,Amit Reddy,7000000104,N4,Sunita Nair,7000000103,2026-03-09 18:04:00,68,voice,349,Hilltop Society
CDR00596,N19,Deepa Malhotra,7000000118,N4,Sunita Nair,7000000103,2026-02-13 16:20:00,44,voice,90,Lakeview Chowk
CDR00597,N14,Poonam Bhatia,7000000113,N16,Pooja Sinha,7000000115,2026-03-25 17:11:00,84,voice,297,Lakeview Chowk
CDR00598,N20,Sneha Reddy,7000000119,N12,Amit Menon,7000000111,2026-01-29 12:24:00,29,voice,362,Central Junction
CDR00599,N5,Amit Reddy,7000000104,N6,Poonam Menon,7000000105,2026-01-01 19:54:00,1,sms,0,Warehouse District
CDR00600,N2,Anita Kulkarni,7000000101,N6,Poonam Menon,7000000105,2026-03-19 17:58:00,78,sms,0,Warehouse District
CDR00601,N8,Manoj Kulkarni,7000000107,N19,Deepa Malhotra,7000000118,2026-01-14 22:09:00,14,voice,49,Industrial Estate Road
CDR00602,N12,Amit Menon,7000000111,N11,Amit Kulkarni,7000000110,2026-01-22 09:52:00,22,voice,337,Lakeview Chowk
CDR00603,N11,Amit Kulkarni,7000000110,N15,Rakesh Malhotra,7000000114,2026-01-02 15:13:00,2,voice,44,Eastgate
CDR00604,N9,Vinay Dutta,7000000108,N4,Sunita Nair,7000000103,2026-01-01 08:24:00,1,voice,224,Riverside Colony
CDR00605,N14,Poonam Bhatia,7000000113,N16,Pooja Sinha,7000000115,2026-02-18 18:34:00,49,voice,255,Warehouse District
CDR00606,N8,Manoj Kulkarni,7000000107,N6,Poonam Menon,7000000105,2026-02-27 09:51:00,58,sms,0,Central Junction
CDR00607,N1,Sunita Mishra,7000000100,N11,Amit Kulkarni,7000000110,2026-02-03 10:04:00,34,voice,202,Riverside Colony
CDR00608,N3,Vinay Naidu,7000000102,N18,Anita Naidu,7000000117,2026-01-12 17:38:00,12,sms,0,Station Road
CDR00609,N1,Sunita Mishra,7000000100,N14,Poonam Bhatia,7000000113,2026-03-25 12:38:00,84,sms,0,Riverside Colony
CDR00610,N2,Anita Kulkarni,7000000101,N4,Sunita Nair,7000000103,2026-02-12 13:12:00,43,voice,293,Lakeview Chowk
CDR00611,N18,Anita Naidu,7000000117,N9,Vinay Dutta,7000000108,2026-03-26 16:19:00,85,voice,35,Hilltop Society
CDR00612,N19,Deepa Malhotra,7000000118,N18,Anita Naidu,7000000117,2026-03-04 11:03:00,63,voice,228,Old Market Circle
CDR00613,N10,Alok Mishra,7000000109,N16,Pooja Sinha,7000000115,2026-01-26 10:01:00,26,voice,336,Central Junction
CDR00614,N3,Vinay Naidu,7000000102,N16,Pooja Sinha,7000000115,2026-01-15 16:50:00,15,voice,260,North Bypass
CDR00615,N9,Vinay Dutta,7000000108,N3,Vinay Naidu,7000000102,2026-03-24 19:11:00,83,voice,205,Eastgate
CDR00616,N6,Poonam Menon,7000000105,N15,Rakesh Malhotra,7000000114,2026-01-06 15:28:00,6,voice,125,Central Junction
CDR00617,N19,Deepa Malhotra,7000000118,N2,Anita Kulkarni,7000000101,2026-01-20 10:05:00,20,voice,287,Hilltop Society
CDR00618,N19,Deepa Malhotra,7000000118,N8,Manoj Kulkarni,7000000107,2026-03-12 08:53:00,71,voice,277,Hilltop Society
CDR00619,N18,Anita Naidu,7000000117,N16,Pooja Sinha,7000000115,2026-03-15 14:30:00,74,voice,212,Lakeview Chowk
CDR00620,N2,Anita Kulkarni,7000000101,N17,Naveen Iyer,7000000116,2026-03-15 23:51:00,74,voice,327,Riverside Colony
CDR00621,N4,Sunita Nair,7000000103,N15,Rakesh Malhotra,7000000114,2026-01-23 12:13:00,23,sms,0,Riverside Colony
CDR00622,N2,Anita Kulkarni,7000000101,N14,Poonam Bhatia,7000000113,2026-01-11 20:12:00,11,sms,0,North Bypass
CDR00623,N5,Amit Reddy,7000000104,N9,Vinay Dutta,7000000108,2026-02-10 09:05:00,41,voice,213,New Colony
CDR00624,N11,Amit Kulkarni,7000000110,N9,Vinay Dutta,7000000108,2026-03-08 21:58:00,67,sms,0,Lakeview Chowk
CDR00625,N20,Sneha Reddy,7000000119,N19,Deepa Malhotra,7000000118,2026-03-08 20:07:00,67,voice,85,Warehouse District
CDR00626,N19,Deepa Malhotra,7000000118,N20,Sneha Reddy,7000000119,2026-01-13 10:36:00,13,sms,0,Central Junction
CDR00627,N18,Anita Naidu,7000000117,N12,Amit Menon,7000000111,2026-02-22 15:24:00,53,voice,302,Warehouse District
CDR00628,N16,Pooja Sinha,7000000115,N2,Anita Kulkarni,7000000101,2026-01-23 15:25:00,23,voice,321,North Bypass
CDR00629,N13,Vinay Chatterjee,7000000112,N2,Anita Kulkarni,7000000101,2026-02-20 17:44:00,51,voice,391,Station Road
CDR00630,N9,Vinay Dutta,7000000108,N12,Amit Menon,7000000111,2026-01-03 17:52:00,3,sms,0,Central Junction
CDR00631,N9,Vinay Dutta,7000000108,N16,Pooja Sinha,7000000115,2026-03-31 10:55:00,90,voice,163,Lakeview Chowk
CDR00632,N15,Rakesh Malhotra,7000000114,N11,Amit Kulkarni,7000000110,2026-02-04 20:38:00,35,voice,106,Station Road
CDR00633,N7,Priya Mishra,7000000106,N14,Poonam Bhatia,7000000113,2026-03-04 23:55:00,63,voice,38,New Colony
CDR00634,N6,Poonam Menon,7000000105,N3,Vinay Naidu,7000000102,2026-02-09 23:25:00,40,voice,278,Warehouse District
CDR00635,N1,Sunita Mishra,7000000100,N6,Poonam Menon,7000000105,2026-01-25 13:53:00,25,voice,26,Station Road
CDR00636,N2,Anita Kulkarni,7000000101,N12,Amit Menon,7000000111,2026-01-26 15:23:00,26,sms,0,New Colony
CDR00637,N13,Vinay Chatterjee,7000000112,N4,Sunita Nair,7000000103,2026-03-29 07:15:00,88,voice,314,Station Road
CDR00638,N6,Poonam Menon,7000000105,N16,Pooja Sinha,7000000115,2026-03-17 18:22:00,76,voice,142,Lakeview Chowk
CDR00639,N3,Vinay Naidu,7000000102,N10,Alok Mishra,7000000109,2026-01-04 19:03:00,4,voice,302,Industrial Estate Road
CDR00640,N8,Manoj Kulkarni,7000000107,N20,Sneha Reddy,7000000119,2026-03-28 13:17:00,87,voice,272,Dockside Ward
CDR00641,N1,Sunita Mishra,7000000100,N16,Pooja Sinha,7000000115,2026-01-17 12:38:00,17,sms,0,Industrial Estate Road
CDR00642,N9,Vinay Dutta,7000000108,N10,Alok Mishra,7000000109,2026-03-24 15:27:00,83,sms,0,Eastgate
CDR00643,N15,Rakesh Malhotra,7000000114,N9,Vinay Dutta,7000000108,2026-01-28 21:19:00,28,voice,329,Hilltop Society
CDR00644,N19,Deepa Malhotra,7000000118,N4,Sunita Nair,7000000103,2026-01-01 23:42:00,1,sms,0,Eastgate
CDR00645,N18,Anita Naidu,7000000117,N10,Alok Mishra,7000000109,2026-02-08 10:30:00,39,voice,151,North Bypass
CDR00646,N11,Amit Kulkarni,7000000110,N9,Vinay Dutta,7000000108,2026-02-03 16:12:00,34,voice,133,Dockside Ward
CDR00647,N20,Sneha Reddy,7000000119,N13,Vinay Chatterjee,7000000112,2026-03-26 17:43:00,85,voice,23,North Bypass
CDR00648,N16,Pooja Sinha,7000000115,N10,Alok Mishra,7000000109,2026-02-03 20:25:00,34,voice,28,Warehouse District
CDR00649,N19,Deepa Malhotra,7000000118,N7,Priya Mishra,7000000106,2026-02-13 14:43:00,44,voice,253,North Bypass
CDR00650,N12,Amit Menon,7000000111,N17,Naveen Iyer,7000000116,2026-02-08 12:53:00,39,voice,295,Riverside Colony
CDR00651,N10,Alok Mishra,7000000109,N4,Sunita Nair,7000000103,2026-03-02 11:47:00,61,voice,296,Riverside Colony
CDR00652,N11,Amit Kulkarni,7000000110,N3,Vinay Naidu,7000000102,2026-01-29 18:14:00,29,voice,167,Hilltop Society
CDR00653,N11,Amit Kulkarni,7000000110,N12,Amit Menon,7000000111,2026-02-03 16:29:00,34,sms,0,Station Road
CDR00654,N2,Anita Kulkarni,7000000101,N19,Deepa Malhotra,7000000118,2026-03-16 09:30:00,75,sms,0,New Colony
CDR00655,N4,Sunita Nair,7000000103,N13,Vinay Chatterjee,7000000112,2026-03-09 16:26:00,68,voice,87,Riverside Colony
CDR00656,N7,Priya Mishra,7000000106,N11,Amit Kulkarni,7000000110,2026-02-22 21:09:00,53,voice,376,Riverside Colony
CDR00657,N3,Vinay Naidu,7000000102,N16,Pooja Sinha,7000000115,2026-02-12 12:20:00,43,voice,12,Station Road
CDR00658,N9,Vinay Dutta,7000000108,N7,Priya Mishra,7000000106,2026-01-22 12:31:00,22,sms,0,Old Market Circle
CDR00659,N5,Amit Reddy,7000000104,N14,Poonam Bhatia,7000000113,2026-03-23 20:25:00,82,voice,254,Hilltop Society
CDR00660,N1,Sunita Mishra,7000000100,N2,Anita Kulkarni,7000000101,2026-03-10 13:46:00,69,voice,17,Eastgate
CDR00661,N17,Naveen Iyer,7000000116,N7,Priya Mishra,7000000106,2026-01-03 07:40:00,3,voice,125,Lakeview Chowk
CDR00662,N12,Amit Menon,7000000111,N10,Alok Mishra,7000000109,2026-01-17 10:24:00,17,voice,166,Riverside Colony
CDR00663,N3,Vinay Naidu,7000000102,N2,Anita Kulkarni,7000000101,2026-02-08 16:29:00,39,voice,315,New Colony
CDR00664,N11,Amit Kulkarni,7000000110,N14,Poonam Bhatia,7000000113,2026-03-29 11:21:00,88,sms,0,Station Road
CDR00665,N12,Amit Menon,7000000111,N7,Priya Mishra,7000000106,2026-01-22 19:01:00,22,voice,382,Riverside Colony
CDR00666,N7,Priya Mishra,7000000106,N1,Sunita Mishra,7000000100,2026-03-17 23:10:00,76,voice,374,North Bypass
CDR00667,N2,Anita Kulkarni,7000000101,N13,Vinay Chatterjee,7000000112,2026-03-23 15:49:00,82,voice,34,Warehouse District
CDR00668,N2,Anita Kulkarni,7000000101,N4,Sunita Nair,7000000103,2026-03-25 07:03:00,84,voice,223,Station Road
CDR00669,N13,Vinay Chatterjee,7000000112,N4,Sunita Nair,7000000103,2026-03-12 15:30:00,71,voice,115,Lakeview Chowk
CDR00670,N1,Sunita Mishra,7000000100,N10,Alok Mishra,7000000109,2026-02-23 10:42:00,54,voice,328,Warehouse District
CDR00671,N5,Amit Reddy,7000000104,N14,Poonam Bhatia,7000000113,2026-01-14 23:46:00,14,voice,154,Old Market Circle
CDR00672,N4,Sunita Nair,7000000103,N16,Pooja Sinha,7000000115,2026-01-26 13:49:00,26,voice,277,Industrial Estate Road
CDR00673,N12,Amit Menon,7000000111,N14,Poonam Bhatia,7000000113,2026-02-07 12:02:00,38,voice,116,Lakeview Chowk
CDR00674,N16,Pooja Sinha,7000000115,N11,Amit Kulkarni,7000000110,2026-01-31 07:00:00,31,voice,66,Warehouse District
CDR00675,N16,Pooja Sinha,7000000115,N5,Amit Reddy,7000000104,2026-01-12 23:04:00,12,voice,61,Central Junction
CDR00676,N8,Manoj Kulkarni,7000000107,N15,Rakesh Malhotra,7000000114,2026-02-07 15:29:00,38,voice,99,Dockside Ward
CDR00677,N10,Alok Mishra,7000000109,N12,Amit Menon,7000000111,2026-03-28 17:27:00,87,voice,58,Dockside Ward
CDR00678,N1,Sunita Mishra,7000000100,N5,Amit Reddy,7000000104,2026-03-26 12:21:00,85,voice,234,Warehouse District
CDR00679,N9,Vinay Dutta,7000000108,N3,Vinay Naidu,7000000102,2026-02-17 17:11:00,48,voice,214,Station Road
CDR00680,N9,Vinay Dutta,7000000108,N13,Vinay Chatterjee,7000000112,2026-03-30 22:51:00,89,voice,95,Old Market Circle
CDR00681,N5,Amit Reddy,7000000104,N2,Anita Kulkarni,7000000101,2026-01-21 10:26:00,21,sms,0,Station Road
CDR00682,N19,Deepa Malhotra,7000000118,N15,Rakesh Malhotra,7000000114,2026-01-24 19:49:00,24,voice,24,North Bypass
CDR00683,N5,Amit Reddy,7000000104,N16,Pooja Sinha,7000000115,2026-03-04 10:56:00,63,voice,33,Old Market Circle
CDR00684,N9,Vinay Dutta,7000000108,N11,Amit Kulkarni,7000000110,2026-01-02 23:49:00,2,voice,380,Warehouse District
CDR00685,N8,Manoj Kulkarni,7000000107,N11,Amit Kulkarni,7000000110,2026-03-08 23:44:00,67,voice,58,Hilltop Society
CDR00686,N8,Manoj Kulkarni,7000000107,N16,Pooja Sinha,7000000115,2026-02-14 19:09:00,45,sms,0,New Colony
CDR00687,N20,Sneha Reddy,7000000119,N2,Anita Kulkarni,7000000101,2026-01-02 12:32:00,2,sms,0,Station Road
CDR00688,N6,Poonam Menon,7000000105,N3,Vinay Naidu,7000000102,2026-03-04 17:15:00,63,voice,152,Dockside Ward
CDR00689,N17,Naveen Iyer,7000000116,N8,Manoj Kulkarni,7000000107,2026-03-12 19:25:00,71,sms,0,Old Market Circle
CDR00690,N15,Rakesh Malhotra,7000000114,N20,Sneha Reddy,7000000119,2026-03-15 21:05:00,74,sms,0,Station Road
CDR00691,N11,Amit Kulkarni,7000000110,N4,Sunita Nair,7000000103,2026-03-05 07:06:00,64,voice,28,New Colony
CDR00692,N18,Anita Naidu,7000000117,N1,Sunita Mishra,7000000100,2026-01-12 16:56:00,12,voice,115,North Bypass
CDR00693,N15,Rakesh Malhotra,7000000114,N11,Amit Kulkarni,7000000110,2026-02-16 08:52:00,47,voice,242,Eastgate
CDR00694,N18,Anita Naidu,7000000117,N16,Pooja Sinha,7000000115,2026-03-26 18:45:00,85,voice,59,North Bypass
CDR00695,N8,Manoj Kulkarni,7000000107,N1,Sunita Mishra,7000000100,2026-02-13 18:53:00,44,voice,159,New Colony
CDR00696,N17,Naveen Iyer,7000000116,N12,Amit Menon,7000000111,2026-03-31 10:02:00,90,sms,0,Station Road
CDR00697,N5,Amit Reddy,7000000104,N14,Poonam Bhatia,7000000113,2026-01-14 15:39:00,14,voice,71,Hilltop Society
CDR00698,N7,Priya Mishra,7000000106,N15,Rakesh Malhotra,7000000114,2026-01-25 17:06:00,25,sms,0,Dockside Ward
CDR00699,N19,Deepa Malhotra,7000000118,N4,Sunita Nair,7000000103,2026-02-27 21:42:00,58,voice,268,Riverside Colony
CDR00700,N16,Pooja Sinha,7000000115,N1,Sunita Mishra,7000000100,2026-03-09 08:35:00,68,sms,0,Warehouse District
CDR00701,N16,Pooja Sinha,7000000115,N17,Naveen Iyer,7000000116,2026-01-23 12:46:00,23,sms,0,Old Market Circle
CDR00702,N13,Vinay Chatterjee,7000000112,N11,Amit Kulkarni,7000000110,2026-03-06 19:26:00,65,sms,0,Lakeview Chowk
CDR00703,N8,Manoj Kulkarni,7000000107,N9,Vinay Dutta,7000000108,2026-02-20 17:18:00,51,voice,78,Riverside Colony
CDR00704,N14,Poonam Bhatia,7000000113,N17,Naveen Iyer,7000000116,2026-02-08 17:45:00,39,voice,293,North Bypass
CDR00705,N7,Priya Mishra,7000000106,N20,Sneha Reddy,7000000119,2026-01-27 16:43:00,27,voice,354,Riverside Colony
CDR00706,N6,Poonam Menon,7000000105,N17,Naveen Iyer,7000000116,2026-03-11 17:45:00,70,voice,190,New Colony
CDR00707,N16,Pooja Sinha,7000000115,N19,Deepa Malhotra,7000000118,2026-03-15 20:43:00,74,voice,283,Central Junction
CDR00708,N14,Poonam Bhatia,7000000113,N1,Sunita Mishra,7000000100,2026-03-08 10:01:00,67,voice,37,North Bypass
CDR00709,N2,Anita Kulkarni,7000000101,N7,Priya Mishra,7000000106,2026-02-04 12:18:00,35,voice,84,Dockside Ward
CDR00710,N10,Alok Mishra,7000000109,N7,Priya Mishra,7000000106,2026-03-11 08:22:00,70,sms,0,Old Market Circle
CDR00711,N20,Sneha Reddy,7000000119,N18,Anita Naidu,7000000117,2026-01-29 19:15:00,29,voice,366,Central Junction
CDR00712,N2,Anita Kulkarni,7000000101,N13,Vinay Chatterjee,7000000112,2026-02-19 20:50:00,50,sms,0,Eastgate
CDR00713,N18,Anita Naidu,7000000117,N2,Anita Kulkarni,7000000101,2026-01-02 15:12:00,2,voice,236,Industrial Estate Road
CDR00714,N12,Amit Menon,7000000111,N19,Deepa Malhotra,7000000118,2026-03-11 13:49:00,70,voice,109,Central Junction
CDR00715,N15,Rakesh Malhotra,7000000114,N6,Poonam Menon,7000000105,2026-03-29 09:11:00,88,sms,0,Lakeview Chowk
CDR00716,N17,Naveen Iyer,7000000116,N4,Sunita Nair,7000000103,2026-02-18 08:27:00,49,voice,145,Riverside Colony
CDR00717,N6,Poonam Menon,7000000105,N19,Deepa Malhotra,7000000118,2026-02-02 07:21:00,33,voice,89,Dockside Ward
CDR00718,N5,Amit Reddy,7000000104,N11,Amit Kulkarni,7000000110,2026-03-18 08:49:00,77,sms,0,Warehouse District
CDR00719,N10,Alok Mishra,7000000109,N16,Pooja Sinha,7000000115,2026-03-15 18:04:00,74,sms,0,Eastgate
CDR00720,N17,Naveen Iyer,7000000116,N8,Manoj Kulkarni,7000000107,2026-01-24 23:04:00,24,sms,0,Riverside Colony
CDR00721,N14,Poonam Bhatia,7000000113,N18,Anita Naidu,7000000117,2026-03-10 19:05:00,69,voice,119,North Bypass
CDR00722,N11,Amit Kulkarni,7000000110,N20,Sneha Reddy,7000000119,2026-02-16 16:13:00,47,sms,0,Warehouse District
CDR00723,N17,Naveen Iyer,7000000116,N16,Pooja Sinha,7000000115,2026-03-13 07:07:00,72,voice,238,Industrial Estate Road
CDR00724,N20,Sneha Reddy,7000000119,N8,Manoj Kulkarni,7000000107,2026-01-06 17:24:00,6,sms,0,Old Market Circle
